Part ID,Department,Main Category,Sub Category,Brand,Model,Description,Plant,Area,Location,Position,Actual,Min,Max,CLASS,COST,VENDOR,DELIVER TIME,DELIVER UNIT,Install Year,Expected Life,Replace Plan,imageUrl
SPFL-C-0779,ELEC,I/O & Signal,SENSOR,IFM,KI5023 KIE3015-FPKG/NI/55V,"PNP, 15mm sense, M30x1.5, 10...55 VDC, IP65, High noise immunity",MIR,LOADING,STORE,,0,1,1,A,5300,TODOROKI,10,DAY,,5,,https://crlxeaighpfgsduqccdg.supabase.co/storage/v1/object/public/parts/SPFL-C-0779.jpg
SPFL-C-0778,ELEC,Electrical Parts,TERMINAL,WAGO,2002-1201,2-COND THROUGH TERMINAL BLOCK 2.5 MM2 GY,MIR,PAINT OVEN,STORE,,0,0,2,C,25,JJ LAPP,2,DAY,,,,
SPFL-C-0777,ELEC,Electrical Parts,TERMINAL,PHOENIX CONTACT,0503057 SSK 116 KER-EX,Terminal กันความร้อน ติดตั้งด้านข้าง Heater,MIR,PAINT OVEN,STORE,,0,0,2,C,550,JW TECH,8,WEEK,,,,
SPFL-C-0776,ELEC,Electrical Parts,TERMINAL,TOGI / TOYOGIKEN,BOXTM-401,Terminal box PBT 4 Poles / 600V / 20A /,RFG,LOADING,STORE,,5,0,3,C,270,,7,DAY,,,,
SPFL-C-0775,ELEC,I/O & Signal,LIMIT SWITCH,TELEMECANIQUE,XCKN2102P20,Limit Switch,RFG,BENTELER,STORE,Z3-03-19,4,0,2,C,,,,,,,,
SPFL-C-0774,ELEC,Pneumatics & Fluid,SOLENOID VALVE,SMC,VXZ256HZ2C,AC 110 V 15 VA ท่อ 3/4 นิ้ว,COMMON,,STORE,Z3-03-18,2,0,2,C,,,,,,,,
SPFL-C-0773,ELEC,OTHER,CABLE,LINK,SHIELD CAT 6A,สาย LAN CAT 6A,COMMON,,STORE,Z3-04-18,3,0,2,C,,,,,,,,
SPFL-C-0772,ELEC,I/O & Signal,SENSOR,BROOKS,GF040CXXC-SA44860C-O2VVS4-XXXXAX-00C,range:860 sccm,RFG,,STORE,Z3-04-17,6,0,2,C,,,,,,,,
SPFL-C-0771,ELEC,I/O & Signal,SENSOR,PENNY+GILLES,SLS 190/125/L/50/1/N,Linear potentiometer,RFG,,STORE,Z3-04-09,3,0,2,C,,,,,,,,https://crlxeaighpfgsduqccdg.supabase.co/storage/v1/object/public/parts/SPFL-C-0771.jpg
SPFL-C-0770,ELEC,Pneumatics & Fluid,SOLENOID VALVE,SMC,VX232VL,AC 230 V 12 VA ท่อ 1/2นิ้ว,MIR,,STORE,Z3-03-17,2,0,2,C,,,,,,,,
SPFL-C-0769,ELEC,Pneumatics & Fluid,SOLENOID VALVE,SMC,VXZ236CZ2C,AC 110 V 12VA,COMMON,,STORE,Z3-03-15,1,0,2,C,,,,,,,,
SPFL-C-0768,ELEC,Pneumatics & Fluid,SOLENOID VALVE,SMC,VF5120-5DZ1-02,DC 24 V,COMMON,,STORE,Z3-03-13,1,0,2,C,,,,,,,,
SPFL-C-0767,ELEC,Electrical Parts,POWER SUPPLY,MEAN WELL,RS-15-3.3,INPUT 100-240VAC OUTPUT 3.3 V 3 A,RFG,,STORE,Z3-03-12,7,0,2,C,,,,,,,,
SPFL-C-0766,ELEC,Pneumatics & Fluid,SOLENOID VALVE,CKD,APK11-20A,220V ท่อ 3/4นิ้ว,COMMON,,STORE,Z3-03-10,1,0,2,C,,,,,,,,
SPFL-C-0765,ELEC,Drive & Motion,INVERTER,SIEMENS,6ES7 972-0AA02-0XA0,,RFG,,STORE,Z3-03-09,1,0,2,C,,,,,,,,
SPFL-C-0764,ELEC,Drive & Motion,INVERTER,SIEMENS,6SE6440-2UC15-5AA1,Micro master 440 200-240 V 0.55kW,RFG,,STORE,Z3-02-08,1,0,2,C,,,,,,,,
SPFL-C-0763,ELEC,OTHER,ELECTRICAL PART,LAPP,55506075,SILVYN MSK-M 40 X 1.5 EE,RFG,,STORE,Z3-02-07,21,0,2,C,,,,,,,,
SPFL-C-0762,ELEC,OTHER,ELECTRICAL PART,LAPP,21700633,ED-IE-RJ45F-AC-DC ฝาปิดเกลียวใน,RFG,,STORE,Z3-03-06,13,0,2,C,,,,,,,,
SPFL-C-0761,ELEC,OTHER,ELECTRICAL PART,LAPP,21700631,ED-IE-AX-RJ45-AC-DC ฝาปิดเกลียวนอก,RFG,,STORE,Z3-02-05,10,0,2,C,,,,,,,,
SPFL-C-0760,ELEC,Electrical Parts,POWER SUPPLY,MEAN WELL,S-350-24,100-120VAC/6.5A 200-240VAC/4.0A DC OUTPUT 24 14.6A,RFG,,STORE,Z4-04-15,1,1,2,B,,,,,,,,
SPFL-C-0759,ELEC,OTHER,ELECTRICAL PART,SIEMENS,6GK1500-0FC10,Connector profibus,RFG,,STORE,Z3-02-03,5,1,2,B,,,,,,,,
SPFL-C-0758,ELEC,OTHER,ELECTRICAL PART,SIEMENS,6ES7 972-0BB52-X0A0,Connector profibus,RFG,,STORE,Z3-02-01,3,1,2,B,,,,,,,,
SPFL-C-0757,ELEC,OTHER,RS232,MITSUBISHI,,3m,COMMON,,STORE,Z4-02-03,2,1,2,B,,,,,,,,
SPFL-C-0756,ELEC,OTHER,USB,,6XV1440-2KH32,,COMMON,,STORE,Z4-02-02,2,1,2,B,,,,,,,,
SPFL-C-0755,ELEC,OTHER,ELECTRICAL PART,LAPP,ED-IE-RJ45F-6A-B-68-FC,หัวสาย LAN,RFG,,STORE,Z3-05-21,10,1,2,B,,,,,,,,
SPFL-C-0754,ELEC,OTHER,FUNCTION MODULE,LENZE,E82ZAFSC010,,,,STORE,Z1-05-13,1,1,2,B,,,,,,,,
SPFL-C-0753,ELEC,OTHER,PROFIBUS,SIEMENS,6GK1500-0EA02,,COMMON,,STORE,Z1-05-12,3,1,2,B,,,,,,,,
SPFL-C-0752,ELEC,Instrumentation,METER,QUBIX,SD-96A,100/5A,COMMON,,STORE,Z1-05-04,8,1,2,B,,,,,,,,
SPFL-C-0751,ELEC,I/O & Signal,PRESSURE SWITCH,HONEYWELL,KROMSCHRODER DG6U-3,ทำงานอยู่ที่ประมาณ 0.5 ถึง 6.5 mbar (มิลลิบาร์) และทนแรงดันสูงสุด (Pmax) ได้ 100 mbarอุปกรณ์นี้รองรับแรงดันไฟฟ้า 250 VAC และกระแสไฟฟ้าสูงสุด 5(1)A,MIR,,STORE,Z1-05-03,4,1,2,B,,,,,,,,
SPFL-C-0750,ELEC,Electrical Parts,CONNECTOR,LAPP,RS-H6B,,,,STORE,Z1-04-22,10,1,2,B,,,,,,,,
SPFL-C-0749,ELEC,Electrical Parts,CONNECTOR,LAPP,BE 6 BS 10191000,รองรับกระแสไฟสูงสุด 16A และแรงดันไฟฟ้าสูงสุด 500V,,,STORE,Z1-04-21,10,1,2,B,,,,,,,,
SPFL-C-0748,ELEC,Electrical Parts,PLUG,HARTING,9140009950,Han MOD DUMMY,RFG,,STORE,Z3-05-02,10,1,2,B,,,,,,,,
SPFL-C-0747,ELEC,Electrical Parts,PLUG,HARTING,9140123002,Han DD module crimp male,RFG,,STORE,Z3-05-01,2,1,2,B,,,,,,,,
SPFL-C-0746,ELEC,Electrical Parts,CONNECTOR,LAPP,EPIC H-BE 6 SS DR 10190000,ขั้วต่อนี้มีพิกัดกระแสไฟฟ้า 16A และแรงดันไฟฟ้าสูงสุด 500V,COMMON,,STORE,Z1-04-20,10,1,2,B,,,,,,,,
SPFL-C-0745,ELEC,OTHER,EPIC HEAVY DUTY CONNECTOR HOOD,EPIC,H-B 6,,RFG,,STORE,Z1-04-19,10,1,2,B,,,,,,,,
SPFL-C-0744,ELEC,OTHER,PROXIMITY SWITCH,OMRON,E2E-X12B1T18,ความยาวสาย: 2 เมตร (2m)แรงดันไฟฟ้าที่ใช้: 10 ถึง 30 VDC (กระแสตรง),COMMON,,STORE,Z1-04-18,3,1,2,B,,,,,,,,
SPFL-C-0743,ELEC,Electrical Parts,PLUG,HARTING,9140100303,Plug harting Han hinged frame plus,RFG,,STORE,Z3-05-03,17,1,2,B,,,,,,,,
SPFL-C-0742,ELEC,OTHER,AUXILIARY CONTACT BLOCK,SCHNEIDER,GVAE1,Na+NC 034342,COMMON,,STORE,Z1-04-17,4,1,2,B,,,,,,,,
SPFL-C-0741,ELEC,Pneumatics & Fluid,SOLENOID VALVE,KOBOLD,Y-DVZ17348/60F2,+24VDC,RFG,,STORE,Z1-04-16,2,1,2,B,,,,,,,,
SPFL-C-0740,ELEC,Pneumatics & Fluid,SOLENOID VALVE,SMC,VFS4200-5FZ,DC21-26V,RFG,,STORE,Z1-04-15,2,1,2,B,,,,,,,,
SPFL-C-0739,ELEC,I/O & Signal,SENSOR,BANNER,T30UDPA,12-24 V dc,RFG,,STORE,Z4-03-01,1,1,2,B,,,,,,,,
SPFL-C-0738,ELEC,Pneumatics & Fluid,SOLENOID VALVE,SMC,VP541R-5DZC-03A-F,,,,STORE,Z1-04-14,1,1,2,B,,,,,,,,
SPFL-C-0737,ELEC,Pneumatics & Fluid,SOLENOID VALVE,SMC,VP542R-5DZC-03A-Z20,,RFG,,STORE,Z1-04-13,1,1,2,B,,,,,,,,
SPFL-C-0736,ELEC,Pneumatics & Fluid,SOLENOID VALVE,SMC,VQ4100-5W,,,,STORE,Z1-04-12,1,1,2,B,,,,,,,,
SPFL-C-0735,ELEC,OTHER,ANALOG TURNS-COUNTING DIAL,SFERNICE,MOD18,,RFG,,RFG,Z4-05-07,8,1,2,B,,,,,,,,
SPFL-C-0734,ELEC,OTHER,WIRELESS WATCHER,CHINO,MD8015,,,,STORE,Z1-03-21,2,1,2,B,,,,,,,,
SPFL-C-0733,ELEC,Drive & Motion,INVERTER,LENZE,D-31855,8200vector 1.5kW,RFG,,STORE,Z1-03-14,1,1,2,B,,,,,,,,
SPFL-C-0732,ELEC,OTHER,COIL SURGE,MITSUBISHI,UT-SA25,,COMMON,,STORE,Z1-03-13,10,1,2,B,,,,,,,,
SPFL-C-0731,ELEC,OTHER,FEMALE FIELD-WIREABLE CONNECTOR,TURCK,B 8141-0,,MIR,,STORE,Z1-03-12,4,1,2,B,,,,,,,,
SPFL-C-0730,ELEC,OTHER,HEATER,HERAEUS,473942-010,"33x15 Heater, gold reflector, medium-wave twin-tube-infrared emitter of quartzglass. 2-side connection, 6750W, 380VAC, Overall Length 2800mm",MIR,PAINT OVEN,MIR,,,,,B,18000,,,,,,,
SPFL-C-0729,ELEC,OTHER,FAN,WINDSTORM,WD123H7PI-D2L,พัดลมนะบายอากาศตู้ CONTROL ขนาด 4.5 นิ้ว 24 VDC,COMMON,,STORE,Z1-02-17,10,1,2,B,,,,,,,,
SPFL-C-0728,ELEC,OTHER,FAN,DAKO,DPF9225-24H,พัดลมระบายอากาศตู้ Control ขนาด 3.5 นิ้ว 24VDC,RFG,,STORE,Z1-02-16,10,1,2,B,,,,,,,,
SPFL-C-0727,ELEC,Electrical Parts,PLUG,,,Plug กันน้ำ. Outdoor,COMMON,,STORE,Z1-02-15,2,1,2,B,,,,,,,,
SPFL-C-0726,ELEC,Drive & Motion,INVERTER,SCHNEIDER,ATV12H018M2,0.8 kW 200-240V,RFG,,STORE,Z1-02-13,1,1,2,B,,,,,,,,
SPFL-C-0725,ELEC,Electrical Parts,BREAKER,MITSUBISHI,NF250-CV,3P 200A,COMMON,,STORE,Z1-02-12,1,1,2,B,,,,,,,,
SPFL-C-0724,ELEC,Electrical Parts,BREAKER,CUTLER HAMMER,HFD 65 K,15 A 3 P,RFG,,STORE,Z1-02-11,2,1,2,B,,,,,,,,
SPFL-C-0723,ELEC,Electrical Parts,BREAKER,CUTLER HAMMER,HJD 65 K,250 A max 3 P,RFG,,STORE,Z1-02-10,1,1,2,B,,,,,,,,
SPFL-C-0722,ELEC,Electrical Parts,TERMINAL,TOGI / TOYOGIKEN,BOXTC-4,Terminal box 4 terminal 250 V 15 A,COMMON,,STORE,Z1-02-09,2,1,2,B,,,,,,,,
SPFL-C-0721,ELEC,Drive & Motion,INVERTER,MITSUBISHI,FR-E520-0.75K,0.75 kW 200-240 v,COMMON,,STORE,Z1-02-07,1,1,2,B,,,,,,,,
SPFL-C-0720,ELEC,I/O & Signal,LIMIT SWITCH,FREEPORT,LSA1A,Micro Switch,RFG,,STORE,Z1-02-05,2,1,2,B,,,,,,,,
SPFL-C-0719,ELEC,Other,OTHER,TRUMPF,914388,Resistance 100 Ohm,RFG,,STORE,Z1-02-20,22,1,2,B,,,,,,,,
SPFL-C-0718,ELEC,I/O & Signal,PRESSURE SWITCH,SMC,ZSE20-N-01-LA1,DIGITAL PRESSURE SWITCH,COMMON,,STORE,Z1-04-09,3,1,2,B,,,,,,,,
SPFL-C-0717,ELEC,Other,OTHER,SMART UPS,MEGA ME1000II S2.0 B75 EW,1000VA/480W input 220V 1 Ph 50Hz 6.06 A output 220V 1 Ph 50 Hz 4.55 A Battery B75 C1A,COMMON,,STORE,Z2-02,0,1,2,B,,,,,,,,
SPFL-C-0716,ELEC,OTHER,LIGHTING,MAX BRIGHT,EXB 111 LED,Exit Sigh Lighting,COMMON,,STORE,Z2-02-02,2,1,2,B,,,,,,,,
SPFL-C-0715,ELEC,I/O & Signal,Sensor,BANNER,Q4XTBLAF300-Q8,10-30 V dc,RFG,,STORE,Z1-05-11,4,1,2,B,,,,,,,,
SPFL-C-0714,ELEC,Electrical Parts,Switch,QUBIX,SA16-7-61313-B03,Voltmeter Cam switch,COMMON,,STORE,Z1-05-10,4,1,2,C,,,,,,,,
SPFL-C-0713,ELEC,Electrical Parts,Switch,QUBIX,SA16-4-61325-B03,Ammeter Cam switch,COMMON,,STORE,Z1-05-09,9,1,2,C,,,,,,,,
SPFL-C-0712,ELEC,Other,Other,TRUMPF,1225079,IGBT,RFG,,STORE,Z2-02-05,28,1,2,B,,,,,,,,
SPFL-C-0711,ELEC,I/O & Signal,Sensor,GF,159 001 545,pH Send Fly 1K DryLc NPT,COMMON,,STORE,Z1-05-08,3,1,2,C,,,,,,,,
SPFL-C-0710,ELEC,Control,Controller,West,P6100,All o/p relay contacts 2a Resistive 120-240V AC,RFG,,STORE,Z1-05-07,4,1,2,B,,,,,,,,
SPFL-C-0709,ELEC,OTHER,Proximity switch,OMRON,E2E-X2Y1,24 to 240 VAC 2M,MIR,,STORE,Z1-05-06,2,1,2,B,,,,,,,,
SPFL-C-0708,ELEC,OTHER,Flexible Coupling,Miki pulley,ALS-030-R-6B-10B,Flexible coupling,MIR,,STORE,Z1-05-05,5,1,2,A,,,,,,,,
SPFL-C-0707,ELEC,Instrumentation,Meter,QUBIX,SD-96A,0-200A,COMMON,,STORE,Z1-05-04,8,1,2,C,,,,,,,,
SPFL-C-0706,ELEC,Control,PLC,ALLEN BRADLEY,MVI56-PDPMV1,PROFIBUS Master V1 Communication Module,RFG,CLX,STORE,Z3-03-07,1,1,2,B,,,,,2015,CBM,NO PLAN,
SPFL-C-0705,ELEC,I/O & Signal,Relay,ALLEN BRADLEY,700-HN122,"DIN rail socket. 2-pole. For use with 700HK relays. Socket includes, a retainer clip",RFG,COAT ZONE,STORE,,0,0,1,B,,,,,N/A,CBM,NO PLAN,
SPFL-C-0704,MECH,OTHER,V-BELT,,,B 105,RFG,,STORE RFG,P,10,3,11,B,,,,,,,,
SPFL-C-0703,MECH,BELT,V-Belt,,,BX90,RFG,,STORE RFG,P,2,1,3,B,,,,,,,,
SPFL-C-0702,MECH,BELT,V-Belt,,,BX85,RFG,,STORE RFG,P,2,1,3,B,,,,,,,,
SPFL-C-0701,MECH,BELT,V-Belt,,,163NV,RFG,,STORE RFG,P,2,1,3,B,,,,,,,,
SPFL-C-0700,MECH,BELT,V-Belt,,,B85,RFG,,STORE RFG,P,8,2,9,B,,,,,,,,
SPFL-C-0699,MECH,BELT,V-Belt,,,B56,RFG,,STORE RFG,P,4,1,5,B,,,,,,,,
SPFL-C-0698,MECH,BELT,V-Belt,,,Belt COOLING tower,RFG,,STORE RFG,P,4,1,5,B,,,,,,,,
SPFL-C-0697,MECH,BELT,V-Belt,,,B90,RFG,,STORE RFG,P,6,2,7,B,,,,,,,,
SPFL-C-0696,MECH,BELT,V-Belt,,,SPZX1000BL,RFG,,STORE RFG,P,4,1,5,B,,,,,,,,
SPFL-C-0695,MECH,BELT,V-Belt,,,SPZX887BL,RFG,,STORE RFG,P,6,2,7,B,,,,,,,,
SPFL-C-0694,MECH,BELT,V-Belt,,,SPB 1250 L,RFG,,STORE RFG,P,4,1,5,B,,,,,,,,
SPFL-C-0693,MECH,BELT,V-Belt,,,B39,RFG,,STORE RFG,P,6,2,7,B,,,,,,,,
SPFL-C-0692,MECH,BELT,V-Belt,,,B56,RFG,,STORE RFG,P,2,1,3,B,,,,,,,,
SPFL-C-0691,MECH,BELT,V-Belt,,,B65,RFG,,STORE RFG,P,8,2,9,B,,,,,,,,
SPFL-C-0690,MECH,BELT,V-Belt,,,B68,RFG,,STORE RFG,P,4,1,5,B,,,,,,,,
SPFL-C-0689,MECH,BELT,V-Belt,,,BELT BX59,RFG,,STORE RFG,P,4,1,5,B,,,,,,,,
SPFL-C-0688,MECH,BELT,V-Belt,,,BELT V10X635,RFG,,STORE RFG,P,4,1,5,B,,,,,,,,
SPFL-C-0687,MECH,BELT,V-Belt,,,BELT B117,RFG,,STORE RFG,P,12,3,13,B,,,,,,,,
SPFL-C-0686,MECH,BELT,V-Belt,,,BELT B46,RFG,,STORE RFG,P,4,1,5,B,,,,,,,,
SPFL-C-0685,MECH,BELT,V-Belt,,,BELT BX46,RFG,,STORE RFG,P,7,2,8,B,,,,,,,,
SPFL-C-0684,MECH,MECHANICAL,Spring,,,SPRING ถ้วยดูด,RFG,,STORE RFG,R-6-3,8,2,9,B,,,,,,,,
SPFL-C-0683,MECH,GEAR,Gear,,,GEAR XRT,RFG,,STORE RFG,R-6-3,1,1,2,A,,,,,,,,
SPFL-C-0682,MECH,Pneumatics & Fluid,Regulator,,AR30-02BG,REGULATOR,RFG,,STORE RFG,R-6-2,5,1,6,B,,,,,,,,
SPFL-C-0681,MECH,Pneumatics & Fluid,Solenoid Valve,,EPK-1502-NC,SOLENOID VALVE,RFG,,STORE RFG,R-6-1,2,1,3,B,,,,,,,,
SPFL-C-0680,MECH,FILTER,Vacuum Filter,,,FILTER VACUUM 3/8,RFG,,STORE RFG,R-5-2,5,1,6,B,,,,,,,,
SPFL-C-0679,MECH,MECHANICAL,Roller,,,ล้อประคองสายพานโต๊ะ B,RFG,,STORE RFG,R-5-1,14,4,15,B,,,,,,,,
SPFL-C-0678,MECH,Pneumatics & Fluid,Fitting,,,ข้อต่อเหลือง 1/4x3/8,RFG,,STORE RFG,R-4-5,20,5,21,B,,,,,,,,
SPFL-C-0677,MECH,MECHANICAL,Bushing,,,BUSH รองเพลา,RFG,,STORE RFG,R-4-4,20,5,21,B,,,,,,,,
SPFL-C-0676,MECH,MECHANICAL,Bushing,,,BUSH รองเพลา,RFG,,STORE RFG,R-4-3,15,4,16,B,,,,,,,,
SPFL-C-0675,MECH,MECHANICAL,Washer,,,แหวนรอง SLIT VALVE,RFG,,STORE RFG,R-4-2,20,5,21,A,,,,,,,,
SPFL-C-0674,MECH,MECHANICAL,Support Plate,,,"แผ่นรอง SLIT VALVE 2""",RFG,,STORE RFG,R-4-1,10,3,11,A,,,,,,,,
SPFL-C-0673,MECH,MECHANICAL,Bushing,,,BUSH รองเพลา SLIP VALVE,RFG,,STORE RFG,R-3-5,50,13,51,A,,,,,,,,
SPFL-C-0672,MECH,MECHANICAL,Bushing,,,"BUSH รองเพลา FEED THROGH Ø 7/8""",RFG,,STORE RFG,R-3-4,30,8,31,A,,,,,,,,
SPFL-C-0671,MECH,MECHANICAL,Bushing,,,BUSH รองเพลา FEED THROGH Ø 1,RFG,,STORE RFG,R-3-3,8,2,9,A,,,,,,,,
SPFL-C-0670,MECH,PNEUMATIC,Silencer,,,"ท่อเก็บเสียงโชลินอยล์เกลียว Ø 1/4""",RFG,,STORE RFG,R-3-2,7,2,8,B,,,,,,,,
SPFL-C-0669,MECH,STRUCTURE,Clamp,,,CLAMP LOCK ท่อ FLEX EXHAUST MP,RFG,,STORE RFG,R-3-1,4,1,5,B,,,,,,,,
SPFL-C-0668,MECH,MOTOR,AC Motor,OTR,G3KB-18-5,MOTOR,RFG,,STORE RFG,S-6-3,1,1,2,B,,,,,,,,
SPFL-C-0667,MECH,GEAR,Gear,,50B-18,เฟืองขับ ROLLER,RFG,,STORE RFG,S-6-2,7,2,8,B,,,,,,,,
SPFL-C-0666,MECH,MECHANICAL,Wheel,,,WHEEL แปรงล้าง,RFG,,STORE RFG,S-6-1,3,1,4,B,,,,,,,,
SPFL-C-0665,MECH,MECHANICAL,Wheel,,,WHEEL แปรงล้าง,RFG,,STORE RFG,S-6-1,2,1,3,B,,,,,,,,
SPFL-C-0664,MECH,MECHANICAL,Wheel,,D4460-80,WHEEL แปรงล้าง,RFG,,STORE RFG,S-6-1,3,1,4,B,,,,,,,,
SPFL-C-0663,MECH,MECHANICAL,Wheel,,G35SPZ2,WHEEL สายพาน,RFG,,STORE RFG,S-5-2,3,1,4,B,,,,,,,,
SPFL-C-0662,MECH,MECHANICAL,Wheel,,905PA2,WHEEL สายพาน,RFG,,STORE RFG,S-5-2,3,1,4,B,,,,,,,,
SPFL-C-0661,MECH,SEAL,O-Ring,SOLERAS,,O-LING,RFG,,STORE RFG,S-5-1,50,13,51,B,,,,,,,,
SPFL-C-0660,MECH,COUPLING,Flexible Coupling,ZERO MAX,Jun-37,COUPLING,RFG,,STORE RFG,S-4-3,4,1,5,B,,,,,,,,
SPFL-C-0659,MECH,COUPLING,Flexible Coupling,ZERO MAX,Jun-30,COUPLING,RFG,,STORE RFG,S-4-2,14,4,15,B,,,,,,,,
SPFL-C-0658,MECH,COUPLING,Flexible Coupling,ZERO MAX,Jun-45,COUPLING,RFG,,STORE RFG,S-4-1,2,1,3,B,,,,,,,,
SPFL-C-0657,MECH,I/O & Signal,Limit Switch,,,LIMIT SWITCH VALVE,RFG,,STORE RFG,S-3-3,2,1,3,B,,,,,,,,
SPFL-C-0656,MECH,Pneumatics & Fluid,Pressure Gauge,ASHCROFT,,เกจ 0-10 PS1,RFG,,STORE RFG,S-3-2,2,1,3,C,,,,,,,,
SPFL-C-0655,MECH,MECHANICAL,Washer,,,แหวนทองแดง Ø 12 จุดหมุนขายึด SLIT VALVE V1-4,RFG,,STORE RFG,R-2-5,100,25,101,B,,,,,,,,
SPFL-C-0654,MECH,MECHANICAL,Thread Collar,,,COLLA เกลียวของ THROTTLE POPPET+VALVE,RFG,,STORE RFG,R-2-4,11,3,12,B,,,,,,,,
SPFL-C-0653,MECH,STRUCTURE,Housing,,,CASE FEED THROUGH C/Z 4-6,RFG,,STORE RFG,R-2-3,2,1,3,A,,,,,,,,
SPFL-C-0652,MECH,STRUCTURE,Housing,,,CASE FEED THROUGH C/Z 1-C/Z3,RFG,,STORE RFG,R-2-2,2,1,3,A,,,,,,,,
SPFL-C-0651,MECH,STRUCTURE,Housing,,,"CASE FEED THROUGH NL,NBF,XL,XBF",RFG,,STORE RFG,R-2-1,2,1,3,A,,,,,,,,
SPFL-C-0650,MECH,MECHANICAL,Support,,,SUPPORT แท่งเซรามิก TEMPER,RFG,,STORE RFG,R-1-2,1,1,2,B,,,,,,,,
SPFL-C-0649,MECH,MECHANICAL,Ceramic Part,,,แท่งเซรามิก SMALL TEMPER,RFG,,STORE RFG,R-1-1,1,1,2,B,,,,,,,,
SPFL-C-0648,MECH,CHAIN,Plastic Sprocket,,,SPOCKET พลาสติก (ดำ) ของ ROLLER C/V BENTELOR)W/S,RFG,,STORE RFG,Q-5-4,36,9,37,B,,,,,,,,
SPFL-C-0647,MECH,STRUCTURE,Housing,,,CASE B/R (พลาสติก) PRINT ROLL BILLCO W/S,RFG,,STORE RFG,Q-5-3,13,3,14,B,,,,,,,,
SPFL-C-0646,MECH,GEAR,Plastic Gear,,,เฟืองพลาสติกข้าง PRINT ROLL BILLCO W/S,RFG,,STORE RFG,Q-5-2,3,1,4,B,,,,,,,,
SPFL-C-0645,MECH,GEAR,Plastic Gear,BENTELOR,LIA 98 MM.,CYELOID GEAR LIA 98MM. (เฟืองขับ PRINT ROLL BENTELOR)W/S,RFG,,STORE RFG,Q-5-1,5,1,6,B,,,,,,,,
SPFL-C-0644,MECH,STRUCTURE,Guide Rail,,,ราง SLIDE ลูกล้อ CUP BRUSH (DETEGENT W/S ),RFG,,STORE RFG,Q-4-4,12,3,13,B,,,,,,,,
SPFL-C-0643,MECH,CHAIN,Sprocket,,,SPOCKET 50R 18 ฟัน,RFG,,STORE RFG,Q-4-3,1,1,2,B,,,,,,,,
SPFL-C-0642,MECH,MECHANICAL,Mechanical Part,,,STUD BLOLT S.U.S M8(ล๊อค B/R ROLLER C/V BENTELEX W/S),RFG,,STORE RFG,Q-4-2,33,8,34,B,,,,,,,,
SPFL-C-0641,MECH,MECHANICAL,Bushing,BENTELOR,JFM-1012-05,PRICTION BUSHING (ลูกล้อรองรับตรงกลางของ ROOLER C/V BENTELEX W/S),RFG,,STORE RFG,Q-4-1,11,3,12,B,,,,,,,,
SPFL-C-0640,MECH,BEARING,Ball Bearing,BENTELOR,,B/R พลาสติก PRINT ROLL BENTELER W/S (PLSTIC BALL B/R 6004),RFG,,STORE RFG,Q-3-4,5,1,6,B,,,,,,,,
SPFL-C-0639,MECH,STRUCTURE,Housing,,,CASE B/R ลูกล้อ Slide CUP BRUSH DETERGENT W/S,RFG,,STORE RFG,Q-3-3,1,1,2,B,,,,,,,,
SPFL-C-0638,MECH,VACUUM,Suction Cup,,,แป้นรองรับถ้วยดูด SUCTION CUP UNLOAAD B,RFG,,STORE RFG,Q-3-2,4,1,5,B,,,,,,,,
SPFL-C-0637,MECH,MECHANICAL,Shaft Collar,,,COLLA S.U.S Ø 1 1/4 แปรง BRECH ROLL BILLEO W/S,RFG,,STORE RFG,Q-3-1,50,13,51,B,,,,,,,,
SPFL-C-0636,MECH,BELT,Flat Belt,AUTH EN TIE TEX,"40MX3,470MM",FLAT BELT 40X3470,RFG,,STORE RFG,Q-2-3,5,1,6,B,,,,,,,,
SPFL-C-0635,MECH,BELT,Flat Belt,BELT TECH,,FLAT BELT 25X3670,RFG,,STORE RFG,Q-2-2,1,1,2,B,,,,,,,,
SPFL-C-0634,MECH,VALVE,Control Valve,SME,VH 410-04,CONTROL VALVE,RFG,,STORE RFG,Q-2-1,2,1,3,B,,,,,,,,
SPFL-C-0633,MECH,FILTER,Strainer,,,กรอง Y STAINER 3/4,RFG,,STORE RFG,S-2-3,20,5,21,B,,,,,,,,
SPFL-C-0632,MECH,MECHANICAL,Spring,,,SPRING,RFG,,STORE RFG,S-2-2,20,5,21,B,,,,,,,,
SPFL-C-0631,MECH,COUPLING,Rubber Element,,,"ยาง COUPLING 3""",RFG,,STORE RFG,S-2-1,20,5,21,B,,,,,,,,
SPFL-C-0630,MECH,PNEUMATIC,Air Hose,,,"สายลม 6,8,10",RFG,,STORE RFG,,20,5,21,B,,,,,,,,
SPFL-C-0629,MECH,PNEUMATIC,Pneumatic Cylinder,FESTO,ADVULQ-100-15,กระบอกลม,RFG,,STORE RFG,T-4-2,2,1,3,B,,,,,,,,
SPFL-C-0628,MECH,PNEUMATIC,Pneumatic Cylinder,SMC,CQ2L50-100 DCM,กระบอกลม,RFG,,STORE RFG,T-4-1,2,1,3,B,,,,,,,,
SPFL-C-0627,MECH,MECHANICAL,Taper Bush,,1610-14,TAPER LOCK,RFG,,STORE RFG,T-3-3,20,5,21,B,,,,,,,,
SPFL-C-0626,MECH,GEAR,Gear,,08B19 TA-2,เฟืองขับ ROLLER,RFG,,STORE RFG,T-3-2,5,1,6,B,,,,,,,,
SPFL-C-0625,MECH,COUPLING,Flexible Coupling,,,COUPLING FEED THOUGH,RFG,,STORE RFG,T-3-1,7,2,8,A,,,,,,,,
SPFL-C-0624,MECH,SEAL,O-Ring,,,O-LING,RFG,,STORE RFG,T-2-1,10,3,11,B,,,,,,,,
SPFL-C-0623,MECH,ELECTRICAL,Heater,,,เส้นลวด HEATER,RFG,,STORE RFG,T-1-1,10,3,11,B,,,,,,,,
SPFL-C-0622,MECH,STRUCTURE,Cover,,,ฝาเปิด-ปิด 24,RFG,,STORE RFG,U-4-2,7,2,8,B,,,,,,,,
SPFL-C-0621,MECH,STRUCTURE,Cover,,,"ฝาเปิด-ปิด 36""",RFG,,STORE RFG,U-4-1,1,1,2,B,,,,,,,,
SPFL-C-0620,MECH,COUPLING,Rubber Element,,,"ยาง COUPLING ท่อ 4""",RFG,,STORE RFG,U-3-3,30,8,31,B,,,,,,,,
SPFL-C-0619,MECH,COUPLING,Rubber Element,,,"ยาง COUPLING ท่อ 6""",RFG,,STORE RFG,U-3-2,23,6,24,B,,,,,,,,
SPFL-C-0618,MECH,COUPLING,Rubber Element,,,"ยาง COUPLING ท่อ 22""",RFG,,STORE RFG,U-3-1,4,1,5,B,,,,,,,,
SPFL-C-0617,MECH,COUPLING,Flexible Coupling,,,COUPLING,RFG,,STORE RFG,U-2-4,1,1,2,B,,,,,,,,
SPFL-C-0616,MECH,COUPLING,Flexible Coupling,,,COUPLING 42,RFG,,STORE RFG,U-2-3,2,1,3,B,,,,,,,,
SPFL-C-0615,MECH,STRUCTURE,Chain Bag,KITO,,ถุงเก็บโซ่เครน,RFG,,STORE RFG,U-2-1,1,1,2,B,,,,,,,,
SPFL-C-0614,MECH,COUPLING,Jaw Coupling,LOVEJOY,,"ROTEX 1""",RFG,,STORE RFG,U-1-2,1,1,2,B,,,,,,,,
SPFL-C-0613,MECH,COUPLING,Jaw Coupling,ROTEX,,ROTEX 24,RFG,,STORE RFG,U-1-2,7,2,8,B,,,,,,,,
SPFL-C-0612,MECH,COUPLING,Rubber Element,ROTEX,,ยาง COUPLING 24,RFG,,STORE RFG,U-1-1,4,1,5,B,,,,,,,,
SPFL-C-0611,MECH,COUPLING,Rubber Element,,,ยาง COUPLING 28,RFG,,STORE RFG,U-1-1,2,1,3,B,,,,,,,,
SPFL-C-0610,MECH,COUPLING,Rubber Element,,,ยาง COUPLING 42,RFG,,STORE RFG,U-1-1,5,1,6,B,,,,,,,,
SPFL-C-0609,MECH,PNEUMATIC,Air Bag,,,ถุงลม,RFG,,STORE RFG,V-5-3,2,1,3,B,,,,,,,,
SPFL-C-0608,MECH,STRUCTURE,Clamp,,,"ชุดข้อต่อ CLAMP 6""",RFG,,STORE RFG,V-5-1,2,1,3,B,,,,,,,,
SPFL-C-0607,MECH,STRUCTURE,Clamp,,,"ชุดข้อต่อ CLAMP 4""",RFG,,STORE RFG,V-5-1,5,1,6,B,,,,,,,,
SPFL-C-0606,MECH,STRUCTURE,Clamp,,,"ชุดข้อต่อ CLAMP 3""",RFG,,STORE RFG,V-5-1,10,3,11,B,,,,,,,,
SPFL-C-0605,MECH,STRUCTURE,Gear,,,เฟืองขับ ROLLER C/Z,RFG,,STORE RFG,V-4-2,60,15,61,B,,,,,,,,
SPFL-C-0604,MECH,GEAR,Bracket,,,ขายึดถ้วยดูด,RFG,,STORE RFG,V-4-1,7,2,8,B,,,,,,,,
SPFL-C-0603,MECH,STRUCTURE,Flexible Coupling,,,COUPLING MOTER MP/FMP,RFG,,STORE RFG,V-3-2,3,1,4,B,,,,,,,,
SPFL-C-0602,MECH,COUPLING,Sprocket,,,SPROCKET ปรับตัวตึงโซ่ C/Z,RFG,,STORE RFG,V-3-1,6,2,7,B,,,,,,,,
SPFL-C-0601,MECH,CHAIN,Bracket,,,ขารองถ้วยดูด,RFG,,STORE RFG,V-2-4,5,1,6,B,,,,,,,,
SPFL-C-0600,MECH,STRUCTURE,Bushing,,,BUSH POWER C/D ขายึด,RFG,,STORE RFG,V-2-3,1,1,2,B,,,,,,,,
SPFL-C-0599,MECH,MECHANICAL,Linear Guide,NSK,,LINEAR UNLOAD,RFG,,STORE RFG,V-2-1,3,1,4,B,,,,,,,,
SPFL-C-0598,MECH,MOTOR,Gear Motor,SEMENS,,MOTOR CUP BUG BENTENLER,RFG,,STORE RFG,K-4-2,1,1,2,A,,,,,,,,
SPFL-C-0597,MECH,MOTOR,AC Motor,REULAND,,MOTOR ขับ GEAR,RFG,,STORE RFG,K-4-1,2,1,3,A,,,,,,,,
SPFL-C-0596,MECH,VALVE,Actuator,,,"หัวขับ VALVE 2""",RFG,,STORE RFG,K-3-1,1,1,2,B,,,,,,,,
SPFL-C-0595,MECH,INSTRUMENT,Level Indicator,,0-50 S-A-150,SIGHT GLASS FMP,RFG,,STORE RFG,K-2-3,4,1,5,B,,,,,,,,
SPFL-C-0594,MECH,INSTRUMENT,Temperature Gauge,UNIJIN,,THERMOMETER,RFG,,STORE RFG,K-2-2,4,1,5,B,,,,,,,,
SPFL-C-0593,MECH,PNEUMATIC,Pneumatic Cylinder,CKD,SRL2-00-50B500,กระบอกลมรางสไลด์ห้องXRP,RFG,,STORE RFG,K-2-1,1,1,2,B,,,,,,,,
SPFL-C-0592,MECH,VALVE,Valve Trim,,,ลิ้นวาล์ว,RFG,,STORE RFG,J-4-2,2,1,3,B,,,,,,,,
SPFL-C-0591,MECH,VALVE,Ball Valve,KITZ,,VALVE SUPPLY,RFG,,STORE RFG,J-4-1,2,1,3,B,,,,,,,,
SPFL-C-0590,MECH,COUPLING,Jaw Coupling,KTR,,ROTEX G5 42,RFG,,STORE RFG,J-3-3,1,1,2,B,,,,,,,,
SPFL-C-0589,MECH,COUPLING,Jaw Coupling,KTR,,ROTEX 42,RFG,,STORE RFG,J-3-2,1,1,2,B,,,,,,,,
SPFL-C-0588,MECH,GEAR,Gear,,,เฟืองขับสายพาน,RFG,,STORE RFG,J-3-1,10,3,11,B,,,,,,,,
SPFL-C-0587,MECH,PNEUMATIC,Pneumatic Cylinder,SMC,CDM2B25-150Z,กระบอกลม TOUCH LEVEL,RFG,,STORE RFG,J-2-5,5,1,6,A,,,,,,,,
SPFL-C-0586,MECH,PNEUMATIC,Guided Cylinder,SMC,MOPM50-100,กระบอกลม STOPPER,RFG,,STORE RFG,J-2-4,1,1,2,A,,,,,,,,
SPFL-C-0585,MECH,PNEUMATIC,Guided Cylinder,SMC,MGPM63-50Z,กระบอกลม STOPPER,RFG,,STORE RFG,J-2-3,1,1,2,A,,,,,,,,
SPFL-C-0584,MECH,PNEUMATIC,Pneumatic Cylinder,SMC,CDQ2B50-35DM,กระบอกลม,RFG,,STORE RFG,J-2-2,2,1,3,A,,,,,,,,
SPFL-C-0583,MECH,PNEUMATIC,Pneumatic Cylinder,SMC,CDQ2L50-75DCZ,กระบอกลม,RFG,,STORE RFG,J-2-1,5,1,6,A,,,,,,,,
SPFL-C-0582,MECH,PNEUMATIC,Air Lubricator,SMC,AL40-NO4-D,ชุดน้ำมันผสมลม,RFG,,STORE RFG,G-4-2,1,1,2,B,,,,,,,,
SPFL-C-0581,MECH,PNEUMATIC,Air Filter,SMC,A40-04D-A,ตัวดักน้ำ,RFG,,STORE RFG,G-4-1,5,1,6,B,,,,,,,,
SPFL-C-0580,MECH,MECHANICAL,Guide,,,"GUIDE สายพาน TIMING BELT CRES-X,UNLOAD A,B",RFG,,STORE RFG,G-3-1,12,3,13,A,,,,,,,,
SPFL-C-0579,MECH,SHAFT,Drive Shaft,,,แกนเพลา B/R DETENT W/S,RFG,,STORE RFG,G-2-5,10,3,11,B,,,,,,,,
SPFL-C-0578,MECH,SHAFT,Drive Shaft,,,แกนเพลาต้องดูด UNLOAD B,RFG,,STORE RFG,G-2-4,4,1,5,A,,,,,,,,
SPFL-C-0577,MECH,SHAFT,Drive Shaft,,,"เพลา FEED THROUGH NLI, XL, NBF XBF Ø 1"" × 300",RFG,,STORE RFG,G-2-3,1,1,2,A,,,,,,,,
SPFL-C-0576,MECH,SHAFT,Drive Shaft,,,"เพลา FEED THROUGH C/Z 1,2,3 Ø 1"" × 530",RFG,,STORE RFG,G-2-2,7,2,8,A,,,,,,,,
SPFL-C-0575,MECH,SHAFT,Drive Shaft,,,"เพลา FEED THROUGH C/Z 3,4,5 Ø 7/5"" × 200",RFG,,STORE RFG,G-2-1,7,2,8,A,,,,,,,,
SPFL-C-0574,MECH,GEAR,Gear Reducer,,924,GEAR ขับ CUP BRUSH DETERGENT W/S 1:5,RFG,,STORE RFG,C-4-3,2,1,3,A,,,,,,,,
SPFL-C-0573,MECH,SHAFT,Drive Shaft,,924,"GEAR SPEED 1:5 NLR, NBF, XLR, XBF",RFG,,STORE RFG,C-4-2,3,1,4,A,,,,,,,,
SPFL-C-0572,MECH,GEAR,Gear Reducer,,924,"GEAR SPEED 1:5 NBF, XBF, NLR, XLR",RFG,,STORE RFG,C-4-1,3,1,4,A,,,,,,,,
SPFL-C-0571,MECH,VALVE,Pneumatic Valve,,"Ø 4""","ANGLE POPPET VALVE NL, XL",RFG,,STORE RFG,C-3-1,3,1,4,A,,,,,,,,
SPFL-C-0570,MECH,VALVE,Control Valve,,,Control VALVE VACUUM CHUCK,RFG,,STORE RFG,C-2-4,1,1,2,A,,,,,,,,
SPFL-C-0569,MECH,Pneumatics & Fluid,Solenoid Valve,,,SOLENOID VACUUM CHUCK,RFG,,STORE RFG,C-2-3,1,1,2,A,,,,,,,,
SPFL-C-0568,MECH,HYDRAULIC,Hydraulic Cylinder,,,กระบอกไฮดรอริก VACUUM CHUCK,RFG,,STORE RFG,C-2-2,1,1,2,A,,,,,,,,
SPFL-C-0567,MECH,PUMP,Hydraulic Pump,,,ไฮดรอริก ปั๊ม VACUUM CHUCK,RFG,,STORE RFG,C-2-1,1,1,2,A,,,,,,,,
SPFL-C-0566,MECH,SEAL,Seal Kit,SCHRADER BELLOWS,"8"" A2PISTON SEAL KIT","SEAL KIT กระบอกลม NRV, XRV",RFG,,STORE RFG,C-1-3,2,1,3,A,,,,,,,,
SPFL-C-0565,MECH,SEAL,Seal Kit,SCHRADER BELLOWS,"1 3/8"" BUANA AS ROD GIAND KIT","SEAL KIT NRV, XRV",RFG,,STORE RFG,C-1-2,3,1,4,A,,,,,,,,
SPFL-C-0564,MECH,STRUCTURE,Housing,,,"CASE คอซีลของ NRV, XRV (ก่อนเข้า NBP, XBP 1030)",RFG,,STORE RFG,C-1-1,5,1,6,A,,,,,,,,
SPFL-C-0563,MECH,VACUUM,Suction Cup,,"ขนาด Ø 12""",ถ้วยดูด LOADING AMARECO TILTING,RFG,,STORE RFG,A-2-2,14,4,15,A,,,,,,,,
SPFL-C-0562,MECH,VACUUM,Suction Cup,,"ขนาด Ø 8""",ถ้วยดูด LOADING AMARECO TILTING,RFG,,STORE RFG,A-4-1,6,2,7,A,,,,,,,,
SPFL-C-0561,MECH,LUBRICANT,Vacuum Oil,,YL VAC 16/7,"FORMBLIN OIL, ใช้ FBP EH 2600 (มี2แบบ Stock เอง+Stock Sundry)",RFG,,STORE RFG,A-3-1,64,16,65,A,,,,,,,,
SPFL-C-0560,MECH,COUPLING,Flexible Coupling,,,"เพลาขับสายพาน cross-x Ø 1"" × OD60 × ยาว 80",RFG,,STORE RFG,A-2-4,2,1,3,A,,,,,,,,
SPFL-C-0559,MECH,SHAFT,Drive Shaft,,,"เพลาขับสายพาน UNLOAD A, B เพลา Ø 1"" × OD45 × 80 ยาว",RFG,,STORE RFG,A-2-3,13,3,14,A,,,,,,,,
SPFL-C-0558,MECH,SHAFT,Drive Shaft,,,"เพลาขับสายพาน UNLOAD A, B Ø 1"" × 600 มม.",RFG,,STORE RFG,A-2-2,9,2,10,A,,,,,,,,
SPFL-C-0557,MECH,SHAFT,Drive Shaft,,,"เพลาขับสายพาน UNLOAD A, B Ø 1"" × 500 มม.",RFG,,STORE RFG,A-2-1,5,1,6,A,,,,,,,,
SPFL-C-0556,MECH,INSTRUMENT,Flow Meter,KANO,Z-6013,BILLCO WASHING M/C,RFG,,STORE RFG,A-1-3,15,4,16,B,,,,,,,,
SPFL-C-0555,MECH,STRUCTURE,Duct,,,"NLMP, FMP, XLMP ข้อต่อถัง EXHAUST",RFG,,STORE RFG,A-1-2,1,1,2,A,,,,,,,,
SPFL-C-0554,MECH,INSTRUMENT,Flow Meter,KANO,Z-6501,Flow meter น้ำ COOLING ตู้ไฟ MF,RFG,,STORE RFG,A-1-1,5,1,6,A,,,,,,,,
SPFL-C-0553,MECH,VALVE,Vacuum Valve,,,VALE VACUUM,RFG,,STORE RFG,I-2-1,1,1,2,A,,,,,,,,
SPFL-C-0552,ELEC,MOTOR,Gear Motor,LENZE,,MOTOR ROLLE BENTELER,RFG,,STORE,H-4-2,1,1,1,B,,,,,,,,
SPFL-C-0551,ELEC,MOTOR,Gear Motor,LENZE,,MOTOR GEAR แปรงกวน,RFG,,STORE,H-4-1,1,1,1,B,,,,,,,,
SPFL-C-0550,ELEC,Pneumatics & Fluid,Regulator,SMC,AC40-NO4D6-D,PRESSURE REJULATOR,RFG,,STORE,H-2-4,1,1,2,B,,,,,,,,
SPFL-C-0549,ELEC,Pneumatics & Fluid,Regulator,SMC,AW40-04BD-D,PRESSURE REJULATOR,RFG,,STORE,H-2-3,1,1,2,B,,,,,,,,
SPFL-C-0548,ELEC,Pneumatics & Fluid,Regulator,SMC,AR40-045-A,PRESSURE REJULATOR,MIR,,STORE,H-2-2,1,1,2,B,,,,,,,,
SPFL-C-0547,ELEC,Pneumatics & Fluid,Regulator,SMC,AMD350C-04D,PRESSURE REJULATOR,RFG,LOADING,STORE,H-2-1,1,1,2,C,,,,,,,,
SPFL-C-0546,ELEC,GEAR,Gear Reducer,,935,GEAT HING SPEED-LOW,MIR,WASTE WATER PLANT,STORE,E-4-2,2,1,2,C,4065,,6,WEEK,2026,,,
SPFL-C-0545,ELEC,MOTOR,High Speed Motor,,,MOTOR HING SPEED,MIR,WASTE WATER PLANT,STORE,E-4-1,1,1,2,C,4065,,6,WEEK,2026,,,
SPFL-C-0544,MECH,MECHANICAL,Chuck,,,หัวขับ,RFG,,STORE RFG,E-3-2,1,1,2,C,,,,,,,,
SPFL-C-0543,MECH,PNEUMATIC,Pneumatic Cylinder,,,CYLINDER ของ BILCO,RFG,,STORE RFG,E-3-1,4,1,5,A,,,,,,,,
SPFL-C-0542,MECH,LUBRICANT,Air Oil,FESTO,,น้ำมันผสมลม,RFG,,STORE RFG,E-2-3,3,1,4,B,,,,,,,,
SPFL-C-0541,MECH,FILTER,Hydraulic Filter,,,HYDRAULIC FILTER,RFG,,STORE RFG,E-2-2,9,2,10,A,,,,,,,,
SPFL-C-0540,MECH,OTHER,OIL FILTER,,,OIL FILTER,RFG,,STORE RFG,E-2-1,5,2,8,A,,,,,,,,
SPFL-C-0539,MECH,FILTER,Exhaust Filter,,BX-8-030320,EXNAUST FILTER,RFG,,STORE RFG,E-1-2,14,4,15,A,,,,,,,,
SPFL-C-0538,MECH,MOTOR,Pump Motor,,,MOTOR VACUUM,RFG,,STORE RFG,D-4-2,1,1,2,A,,,,,,,,
SPFL-C-0537,MECH,MOTOR,High Speed Motor,,,MOTOR HIHG SPEED,RFG,,STORE RFG,D-4-1,1,1,2,A,,,,,,,,
SPFL-C-0536,MECH,VALVE,Pneumatic Valve,,"6""","ANGLE POPPET VALVE NL,XL",RFG,,STORE RFG,D-3-1,2,1,3,A,,,,,,,,
SPFL-C-0535,MECH,PNEUMATIC,Pneumatic Cylinder,SMC,CDQ2B32-0,กระบอกลม,RFG,,STORE RFG,D-2-3,9,2,10,B,,,,,,,,
SPFL-C-0534,MECH,PNEUMATIC,Pneumatic Cylinder,SMC,CDQ2KF50-40DMZ,กระบอกลม,RFG,,STORE RFG,D-2-2,2,1,3,B,,,,,,,,
SPFL-C-0533,MECH,PNEUMATIC,Pneumatic Cylinder,SMC,MX520-100,กระบอกลม GAS LEVEL,RFG,,STORE RFG,D-2-1,2,1,3,B,,,,,,,,
SPFL-C-0532,MECH,PNEUMATIC,Air Lubricator,IMINOROREN,,"กระบอกน้ำมันผสมลม NC,XL",RFG,,STORE RFG,D-1-2,2,1,3,B,,,,,,,,
SPFL-C-0531,MECH,FILTER,Air Filter,IR INAERSOLL RANG,,FILTER DRY AIR ENTRY,RFG,,STORE RFG,D-1-1,2,1,3,B,,,,,,,,
SPFL-C-0530,MECH,VALVE,Pneumatic Valve,SCHRDER BELLOWS,,VALVE เปิด-ปิด SLIT VALVE,RFG,,STORE RFG,B-4-3,5,1,6,A,,,,,,,,
SPFL-C-0529,MECH,GEAR,Gearbox,,,เกียร์ BENTELER,RFG,,STORE RFG,B-4-2,1,1,2,A,,,,,,,,
SPFL-C-0528,MECH,MOTOR,AC Motor,SUMITOMO,V63M/4,MOTOR แปรงโยกเครื่องล้าง,RFG,,STORE RFG,B-4-1,1,1,2,B,,,,,,,,
SPFL-C-0527,MECH,PNEUMATIC,Pneumatic Cylinder,SCHRDER,,"CYLINDER 4"" ใช้ CZ เปิด-ปิด TMP 4 """,RFG,,STORE RFG,B-3-1,4,1,5,A,,,,,,,,
SPFL-C-0526,MECH,SHAFT,Drive Shaft,,,แกนเพลา PROCESS PUMP,RFG,,STORE RFG,B-2-4,1,1,2,B,,,,,,,,
SPFL-C-0525,MECH,VALVE,Foot Valve,2.5,,FOOT VALVE ทองเหลือง,RFG,,STORE RFG,B-2-3,2,1,3,B,,,,,,,,
SPFL-C-0524,MECH,VALVE,Foot Valve,"UPVC3""",,FOOT VALVE,RFG,,STORE RFG,B-2-2,1,1,2,B,,,,,,,,
SPFL-C-0523,MECH,Pneumatics & Fluid,Regulator,SMC,AR825-N146,ตัวปรับลม,RFG,,STORE RFG,B-2-1,1,1,2,B,,,,,,,,
SPFL-C-0522,MECH,MECHANICAL,Repair Kit,,,ชุดซ่อม MP,RFG,,STORE RFG,B-1-2,1,1,2,B,,,,,,,,
SPFL-C-0521,MECH,SEAL,Mechanical Seal,,,MECHANICAL SEAL,RFG,,STORE RFG,B-1-1,2,1,3,B,,,,,,,,
SPFL-C-0520,MECH,MOTOR,Pump Motor,WARA,155V08F075 T/D,MOTOR + PUMP SPRAY BILCO W/S 7.5 KW,RFG,,STORE RFG,O,1,1,2,A,,,,,,,,
SPFL-C-0519,MECH,PUMP,Vacuum Booster Pump,,1030,"BOOSTER PUMP NL, XL + MOTOR",RFG,,STORE RFG,O,1,1,2,A,,,,,,,,
SPFL-C-0518,MECH,GEAR,Cyclo Drive,ALTAX DRIVE,CNHM1-5107-B-59,CYCO MOTOR,RFG,,STORE RFG,O,1,1,2,A,,,,,,,,
SPFL-C-0517,MECH,PUMP,Centrifugal Pump,,,PUMP PROCESS PUMP S.U.S,RFG,,STORE RFG,O,1,1,2,A,,,,,,,,
SPFL-C-0516,MECH,MOTOR,AC Motor,,,MOTOR PUMP,RFG,,STORE RFG,O,1,1,2,B,,,,,,,,
SPFL-C-0515,MECH,BEARING,Insert Bearing,SER206-19,SER206-19,BEARING BILCO,RFG,,STORE RFG,M-2-4,30,8,31,B,,,,,,,,
SPFL-C-0514,MECH,BEARING,Roller Bearing,MCGILL,MR20R55,BEARING,RFG,,STORE RFG,M-2-3,24,6,25,B,,,,,,,,
SPFL-C-0513,MECH,BEARING,Ball Bearing,NTN,6016LLU,BEARING,RFG,,STORE RFG,M-2-2,4,1,5,B,,,,,,,,
SPFL-C-0512,MECH,BEARING,Needle Bearing,IKO,BHA1616,BEARING,RFG,,STORE RFG,M-2-1,2,1,3,B,,,,,,,,
SPFL-C-0511,MECH,BEARING,Mounted Bearing,NTN,UC207-104D1,BEARING,RFG,,STORE RFG,M-1-4,5,1,6,B,,,,,,,,
SPFL-C-0510,MECH,BEARING,Mounted Bearing,,P204,BEARING,RFG,,STORE RFG,M-1-3,4,1,5,B,,,,,,,,
SPFL-C-0509,MECH,MECHANICAL,Linear Guide,HIWIN,H35H,LINEAR,RFG,,STORE RFG,M-1-2,2,1,3,B,,,,,,,,
SPFL-C-0508,MECH,OTHER,LINEAR GUIDE,HIWIN,H25H,LINEAR,RFG,,STORE RFG,M-1-2,4,1,4,B,,,,,,,,
SPFL-C-0507,MECH,OTHER,MOUNTED BEARING,NTN,ASPP205,BEARING,RFG,,STORE RFG,M-1-1,6,2,9,B,,,,,,,,
SPFL-C-0506,MECH,BEARING,Cam Follower,THK,NAST25ZZUUR,BEARING ลูกล้อแปรง,RFG,,STORE RFG,M-4-4,28,7,29,B,,,,,,,,
SPFL-C-0505,MECH,BEARING,Mounted Bearing,NTN,PCJ162116U35K,BEARING,RFG,,STORE RFG,M-4-3,9,2,10,B,,,,,,,,
SPFL-C-0504,MECH,BEARING,Roller Bearing,INK,NUTR3072,BEARING ห้องสติ๊กเกอร์,RFG,,STORE RFG,M-4-2,5,1,6,B,,,,,,,,
SPFL-C-0503,MECH,BEARING,Flange Bearing,LDK,F215,BEARING โต๊ะหมุน,RFG,,STORE RFG,M-4-1,2,1,3,B,,,,,,,,
SPFL-C-0502,MECH,BEARING,Mounted Bearing,LDK,UCHA205GH7,BEARING,RFG,,STORE RFG,M-3-4,10,3,11,B,,,,,,,,
SPFL-C-0501,MECH,BEARING,Bearing Housing,SKF,,CASE BEARING,RFG,,STORE RFG,M-3-3,20,5,21,B,,,,,,,,
SPFL-C-0500,MECH,OTHER,MOUNTED BEARING,SKF,YAR206-103-2F,BEARING,RFG,,STORE RFG,M-3-2,15,4,17,B,,,,,,,,
SPFL-C-0499,MECH,BEARING,Mounted Bearing,SKF,FYTB-1TF,BEARING,RFG,,STORE RFG,M-3-1,10,3,11,B,,,,,,,,
SPFL-C-0498,MECH,BEARING,Mounted Bearing,NTN,UC208D1,BEARING,RFG,,STORE RFG,N-4-2,8,2,9,B,,,,,,,,
SPFL-C-0497,MECH,STRUCTURE,Fastener,,,ชุด U-BOLT,RFG,,STORE RFG,N-4-1,1,1,2,C,,,,,,,,
SPFL-C-0496,MECH,BEARING,Mounted Bearing,NTN,UC208-109D,BEARING,RFG,,STORE RFG,N-3-3,35,9,36,B,,,,,,,,
SPFL-C-0495,MECH,BEARING,Roller Bearing,MCGILL,,BEARING แปรงโยก,RFG,,STORE RFG,N-3-2,3,1,4,B,,,,,,,,
SPFL-C-0494,MECH,PNEUMATIC,Auto Drain,SMC,AD402-01,AUTO DRAIN,RFG,,STORE RFG,N-3-1,1,1,2,C,,,,,,,,
SPFL-C-0493,MECH,BEARING,Bearing Housing,NTN,T208,BEARING CASE,RFG,,STORE RFG,N-2-5,2,1,3,B,,,,,,,,
SPFL-C-0492,MECH,BEARING,Mounted Bearing,NTN,UC206D1,BEARING,RFG,,STORE RFG,N-2-4,13,3,14,B,,,,,,,,
SPFL-C-0491,MECH,Pneumatics & Fluid,Solenoid Valve,JORC,EZ1-AC220,SOLENOID AIR COM,RFG,,STORE RFG,N-2-3,1,1,2,B,,,,,,,,
SPFL-C-0490,MECH,BEARING,Pillow Block,NTN,UCP209-112D1,BEARING เพลาขับ BILCO,RFG,,STORE RFG,N-2-2,2,1,3,B,,,,,,,,
SPFL-C-0489,MECH,BEARING,Thrust Bearing,NICE,7616,BEARING 7616 FEED THOUGH,RFG,,STORE RFG,N-2-1,7,2,8,B,,,,,,,,
SPFL-C-0488,MECH,BEARING,Ball Bearing,,6204 R5,BEARING 6204 R5,RFG,,STORE RFG,N-1-4,17,4,18,B,,,,,,,,
SPFL-C-0487,MECH,BEARING,Insert Bearing,SKF,204-2F,BEARING YAR 204-2F,RFG,,STORE RFG,N-1-3,4,1,5,B,,,,,,,,
SPFL-C-0486,MECH,BEARING,Insert Bearing,SKF,205-100-2F,BEARING YAR 205-100-2F,RFG,,STORE RFG,N-1-2,9,2,10,B,,,,,,,,
SPFL-C-0485,MECH,BEARING,Ball Bearing,NSK,6350,BEARING 6205,RFG,,STORE RFG,N-1-1,4,1,5,B,,,,,,,,
SPFL-C-0484,MECH,PNEUMATIC,Air Tank,SENRADER,PAJ1340015.12.00,"กระป๋องลม NRV, XRV ใช้กับ NL, XL",RFG,,STORE RFG,O,3,1,4,A,,,,,,,,
SPFL-C-0483,MECH,MOTOR,Pump Motor,SUPER LINE,3.7 4 POLE SF-JR,MOTOR VACUUM PUMP UNLOAD B,RFG,,STORE RFG,O,1,1,2,C,,,,,,,,
SPFL-C-0482,MECH,MOTOR,Gear Motor,INNOMOTIES,3-MOT.1LE0022-14C42-2KA4,MOTOR CUP BRUSH + BRUSH ROLL BENTELER W/S,RFG,,STORE RFG,O,1,1,2,B,,,,,,,,
SPFL-C-0481,MECH,PUMP,Cooling Pump,EBARA,,"CONDENSOR PUMP SPARE NO. 2, 3, 4",RFG,,STORE RFG,O,2,1,3,A,,,,,,,,
SPFL-C-0480,MECH,PUMP,Water Pump,EBARA,50X40,PUMP น้ำ,RFG,,STORE RFG,O,2,1,3,B,,,,,,,,
SPFL-C-0479,MECH,PUMP,Water Pump,EBARA,65X5 FSHA,PUMP น้ำ,RFG,,STORE RFG,O,2,1,3,B,,,,,,,,
SPFL-C-0478,MECH,PUMP,Water Pump,EBARA,3M32-160/2.2,PUMP + MOTOR W/S,RFG,,STORE RFG,O,1,1,2,B,,,,,,,,
SPFL-C-0477,MECH,PUMP,Water Pump,EBARA,2CDX/A 70/15,PUMP + MOTOR W/S,RFG,,STORE RFG,O,1,1,2,B,,,,,,,,
SPFL-C-0476,MECH,PUMP,Water Pump,EBARA,CDX/1 90/10/E3,PUMP W/S + MOTOR,RFG,,STORE RFG,O,1,1,2,B,,,,,,,,
SPFL-C-0475,MECH,PUMP,Centrifugal Pump,EBARA,3D/1 50-160/7.5 1E3,PUMP + MOTOR,RFG,,STORE RFG,O,1,1,2,B,,,,,,,,
SPFL-C-0474,MECH,PUMP,Centrifugal Pump,EBARA,CDX/1 70/05 1E3,PUMP W/S,RFG,,STORE RFG,O,1,1,2,B,,,,,,,,
SPFL-C-0473,MECH,MOTOR,Pump Motor,CENTRIPRO,CP-5.5KW-2P,MOTOR PUMP SPRAY BILCO W/S 5.5 KW,RFG,,STORE RFG,O,1,1,2,B,,,,,,,,
SPFL-C-0472,MECH,MOTOR,AC Motor,LAFERT,AMHE132M,MOTOR MP,RFG,,STORE RFG,O,2,1,3,A,,,,,,,,
SPFL-C-0471,MECH,PUMP,Vacuum Pump,,,VACUUM PUMP UNLOAD B ครบ SET+MOTOR,RFG,,STORE RFG,O,1,1,2,B,,,,,,,,
SPFL-C-0470,MECH,PUMP,Spray Pump,GRUNDFOS,A9658 1713P10650,PUMP SPRAY BENTELER W/S,RFG,,STORE RFG,O,2,1,3,B,,,,,,,,
SPFL-C-0469,MECH,MOTOR,Industrial Motor,LENZE,M129 154X911MD,MOTOR AIR KNIFT (NL),RFG,,STORE RFG,O,1,1,2,B,,,,,,,,
SPFL-C-0468,MECH,PUMP,Centrifugal Pump,LENZE,SHF-80-250/252,PROCESS PUMP,RFG,,STORE RFG,O,1,1,2,A,,,,,,,,
SPFL-C-0467,MECH,PUMP,Centrifugal Pump,SMC,SHF-80-250/550,PROCESS PUMP,RFG,,STORE RFG,O,1,1,2,A,,,,,,,,
SPFL-C-0466,MECH,MOTOR,AC Motor,SMC,DS43,MOTOR BRUSH ROLL BILCO W/S,RFG,,STORE RFG,O,3,1,4,B,,,,,,,,
SPFL-C-0465,MECH,MOTOR,AC Motor,SMC,DK74,MOTOR BRUSH ROLL BILCO W/S,RFG,,STORE RFG,O,1,1,2,B,,,,,,,,
SPFL-C-0464,MECH,MOTOR,AC Motor,SMC,CK74,MOTOR BRUSH ROLL BILCO W/S,RFG,,STORE RFG,O,1,1,2,B,,,,,,,,
SPFL-C-0463,MECH,PUMP,Vacuum Booster Pump,,EH2600,BOOSTER PUMP EH 2000,RFG,,STORE RFG,O,3,1,4,A,,,,,,,,
SPFL-C-0462,MECH,PUMP,Vacuum Pump,,E2 M275,MP TWO STAGE M275,RFG,,STORE RFG,O,2,1,3,A,,,,,,,,
SPFL-C-0461,ELEC,Electrical Parts,Breaker,SCHNEIDER,GV2ME32,24-32 A,,,STORE,Z2-02-16,1,1,2,B,,,,,,,,
SPFL-C-0460,ELEC,I/O & Signal,Limit Switch,PIZZATO,FD1878,,RFG,,STORE,Z2-05,1,1,2,B,,,,,,,,
SPFL-C-0459,ELEC,Electrical Parts,Plug,DAILY DENGYO,SPT-11-H,250V 15 A Safety Plug,RFG,,STORE,Z2-03,7,1,2,B,,,,,,,,
SPFL-C-0458,ELEC,I/O & Signal,Sensor,SOLERAS,300009156,PCB ASSY PHOTO DETECTOR,RFG,,STORE,Z2-04,9,1,2,B,,,,,,,,
SPFL-C-0457,ELEC,Electrical Parts,Breaker,MITSUBISHI,CP30-BA 2P 20A,20A 2P,COMMON,,STORE,Z2-02-11,7,1,2,B,,,,,,,,
SPFL-C-0456,ELEC,Electrical Parts,Breaker,SCHNEIDER,IC60N,32A,COMMON,,STORE,Z2-02-15,1,1,2,B,,,,,,,,
SPFL-C-0455,ELEC,Electrical Parts,Breaker,HACO,SB-N32L,Safety Breaker 32A,,,STORE,Z2-03,4,1,2,B,,,,,,,,
SPFL-C-0454,ELEC,Electrical Parts,Breaker,MITSUBISHI,NV32-SVF,100-240 VAC 5A,,,STORE,Z2-04,2,1,2,B,,,,,,,,
SPFL-C-0453,ELEC,Electrical Parts,Breaker,SCHNEIDER,Acti9 iC60N C20,2P 20 A,COMMON,,STORE,Z2-02-13,3,1,2,B,,,,,,,,
SPFL-C-0452,ELEC,Pneumatics & Fluid,Solenoid valve,NORGREN,SXE9573-A80-00,24 VDC,RFG,,STORE,Z2-04,1,1,2,B,,,,,,,,
SPFL-C-0451,ELEC,Pneumatics & Fluid,Solenoid valve,PENTAIR,K0300,QR coil kit 200/220 50/60 HZ,RFG,,STORE,Z2-04,4,1,2,B,,,,,,,,
SPFL-C-0450,ELEC,,,GIGAMEDIA,FGM D1MTC2M,,,,STORE,Z2-04,4,1,2,B,,,,,,,,
SPFL-C-0449,ELEC,I/O & Signal,Sensor,KEYENCE,FS-N41N,,,,STORE,Z2-02-20,3,1,2,B,,,,,,,,
SPFL-C-0448,ELEC,Drive & Motion,Inverter,YASKAWA,CIMR-V7AT21P5,INPUT AC3PH 200-230V 50/60Hz 11A OUTPUT AC3PH 0-230V 0-400 Hz 8A 3kVA,RFG,,STORE,Z2-04,1,1,2,B,,,,,,,,
SPFL-C-0447,ELEC,,,,,สายแพ,,,STORE,Z2-03,1,1,2,B,,,,,,,,
SPFL-C-0446,ELEC,Other,Other,WAGO,548504,JUMPER,RFG,,STORE,Z2-03,25,1,2,B,,,,,,,,
SPFL-C-0445,ELEC,Electrical Parts,Plug,LAPP,ED-IE-RJ45F-6A-B-68-FC,,RFG,,STORE,Z1-05,10,1,2,B,,,,,,,,
SPFL-C-0444,ELEC,Electrical Parts,Breaker,MITSUBISHI,CP30-BA 2P 10A,2P 10A,COMMON,,STORE,Z2-02-12,6,1,2,B,,,,,,,,
SPFL-C-0443,ELEC,Pneumatics & Fluid,Solenoid valve,PNEUMAX,1011.52.3.9M3R,P. 2.5-10 bar 5/2 24V DC 5W,RFG,,STORE,Z2-04,4,1,2,B,,,,,,,,
SPFL-C-0442,ELEC,Other,Other,,CZ0403(G5),ขั้วหลอด,MIR,ห้องสี,STORE,Z2-02-19,9,1,2,B,,,,,,,,
SPFL-C-0441,ELEC,Electrical Parts,Breaker,SCHNEIDER,IC60N,10:00 AM,COMMON,,STORE,Z2-02-14,3,1,2,B,,,,,,,,
SPFL-C-0440,ELEC,Pneumatics & Fluid,Solenoid valve,SMC,XLAV-16G-5H,PRESS 10^-6 Pa~atm,RFG,,STORE,Z2-03,1,1,2,B,,,,,,,,
SPFL-C-0439,ELEC,Electrical Parts,Power supply(RFG),TRUMPF,PS 55,5kVp 2000pF +-10%,RFG,,STORE,Z2-04,2,1,2,B,,,,,,,,
SPFL-C-0438,ELEC,Other,Other,WAGO,558125,JUMPER,RFG,,STORE,Z2-03,1,1,2,B,,,,,,,,
SPFL-C-0437,ELEC,Electrical Parts,Connector,HARTING,09 15 300 5411,Han-Max Protection cover,RFG,,STORE,Z2-03,5,1,2,B,,,,,,,,
SPFL-C-0436,ELEC,Electrical Parts,Breaker,DAKO,NF30-CW,2 POLE,,,STORE,Z2-05,3,1,2,B,,,,,,,,
SPFL-C-0435,ELEC,I/O & Signal,Relay,ALLEN BRADLEY,700-HK32Z24-3-4,"Slim Line Relay, 8 Amp Contact, DPDT, 24V DC, Push-To-Test & Manual Override function and Pilot Light",RFG,COAT ZONE,STORE,,0,0,1,B,,,,,N/A,CBM,NO PLAN,
SPFL-C-0434,ELEC,Control,CONTROLLER,MIRO,RS31 (NGTC00),40A 690V,,,STORE,Z1-04-03,3,1,2,B,,,,,,,,
SPFL-C-0433,ELEC,Control,CONTROLLER,ESTEL,TR-0057,IN 380 OUT 100 50Hz 50VA,,,STORE,Z1-04-06,2,1,2,B,,,,,,,,
SPFL-C-0432,ELEC,Control,CONTROLLER,SIEMENS,5SE2 325,25A 400V,,,STORE,Z1-04-02,10,1,2,B,,,,,,,,
SPFL-C-0431,ELEC,Pneumatics & Fluid,Fitting,SMC,AN10-01,,RFG,,STORE,Z2-05,10,1,2,B,,,,,,,,
SPFL-C-0430,ELEC,Other,OTHER,EPIC,HEAVY DUTY CONNECTOR HOOD,,,,STORE,Z1-03-02,10,1,2,B,,,,,,,,
SPFL-C-0429,ELEC,Electrical Parts,Switch,HONEYWELL,LSA1A,,,,STORE,Z1-02,2,1,2,B,,,,,,,,
SPFL-C-0428,ELEC,Pneumatics & Fluid,SOLENOID VALVE,KOGANEI,VV500AE1-11,220V,,,STORE,Z1-04-07,1,1,2,B,,,,,,,,
SPFL-C-0427,ELEC,Pneumatics & Fluid,Fitting,SMC,AN40-04,,RFG,,STORE,Z2-05,10,1,2,B,,,,,,,,
SPFL-C-0426,ELEC,Pneumatics & Fluid,Fitting,SMC,,,RFG,,STORE,Z2-05,8,1,2,B,,,,,,,,
SPFL-C-0425,ELEC,Other,OTHER,NITTO,973UL-S,,,,STORE,Z1-03-04,2,1,2,B,,,,,,,,
SPFL-C-0424,ELEC,Drive & Motion,Inverter,MITSUBISHI,FREQROL-E500,3 เฟส 200-240V,,,STORE,Z1-02,1,1,2,B,,,,,,,,
SPFL-C-0423,ELEC,Pneumatics & Fluid,Pressure Gauge,DANFOSS,RT110,,,,STORE,Z1-04,1,1,2,B,,,,,,,,
SPFL-C-0422,ELEC,Control,CONTROLLER,SIEMENS,5SE2 320,20A 400V,,,STORE,Z1-04-01,10,1,2,B,,,,,,,,
SPFL-C-0421,ELEC,Other,OTHER,KEB,KEB 04.91.020-CE07,ตัวแปรงไฟ,,,STORE,Z1-02-02,1,1,2,B,,,,,,,,
SPFL-C-0420,ELEC,Pneumatics & Fluid,Solenoid valve,SMC,XLAV-40G-5H-Q,Press 10-6 Pa~atm Ope press 0.4~0.7Mpa,RFG,,STORE,Z2-05,2,1,2,B,,,,,,,,
SPFL-C-0419,ELEC,Other,Other,SAKAGUCHI,GH9225HA2BL,Ac220/240 50/60Hz 0.07A,RFG,,STORE,Z2-04,11,1,2,B,,,,,,,,
SPFL-C-0418,ELEC,Pneumatics & Fluid,Fitting,SMC,AN20-02,,RFG,,STORE,Z2-05,10,1,2,B,,,,,,,,
SPFL-C-0417,ELEC,Drive & Motion,INVERTER,YASKAWA,VS-606V7,230V 50/60Hz 6.4A,,,STORE,Z1-02-08,1,1,2,B,,,,,,,,
SPFL-C-0416,ELEC,Pneumatics & Fluid,Fitting,SMC,AN30-03,,RFG,,STORE,Z2-05,10,1,2,B,,,,,,,,
SPFL-C-0415,ELEC,Control,Controller,BUSSMANN,FWP-400A,700 โวลต์ (700V AC/DC) 400A,RFG,,STORE,Z2-04,15,1,2,B,,,,,,,,
SPFL-C-0414,ELEC,Other,OTHER,,SPRING,,,,STORE,Z1-02-03,9,1,2,B,,,,,,,,
SPFL-C-0413,ELEC,Control,Controller,MITSUBISHI,NV32-SV,AC100-200V 5A,COMMON,,STORE,Z2-02-04,2,1,2,B,,,,,,,,
SPFL-C-0412,ELEC,Electrical Parts,Adjustable Resistance,TOCOS,RV24YN 15S,500k ohm TOKYO COSMOS ELECTRIC,RFG,,STORE,Z2-04,12,1,2,B,,,,,,,,
SPFL-C-0411,ELEC,Other,OTHER,WAGO,WAGO 249-116,,,,STORE,Z1-03-01,450,1,2,B,,,,,,,,
SPFL-C-0410,ELEC,Pneumatics & Fluid,SOLENOID VALVE,FESTO,VUVG-L10-T32C-AT-M7-1P3,,,,STORE,Z1-02-01,2,1,2,B,,,,,,,,
SPFL-C-0409,ELEC,Electrical Parts,SWITCH,OMRON,D4C-2520,,,,STORE,Z1-02-06,2,1,2,B,,,,,,,,
SPFL-C-0408,ELEC,Other,OTHER,IKURA,1210-001,100V AC 15W 50Hz,,,STORE,Z1-04-08,2,1,2,B,,,,,,,,
SPFL-C-0407,ELEC,Electrical Parts,Transformer,LENZE,E82ZL22234B,Power choke for frequ. Converter,RFG,BENTELER WASHING,STORE,,0,0,1,B,,,,,2005,CBM,NO PLAN,
SPFL-C-0406,ELEC,Electrical Parts,Transformer,KASUKA,DVSC 1000 AE21,1000VA 50Hz 200 VAC to 100 VAC,RFG,LOADING,,,0,0,1,B,,,,,2015,CBM,NO PLAN,
SPFL-C-0405,ELEC,Electrical Parts,Transformer,ESTEL,400-380/220Vac 500VA 1Ph,,RFG,UNLOAD,,,0,0,1,B,,,,,2021,CBM,NO PLAN,
SPFL-C-0404,ELEC,Electrical Parts,Transformer,ESTEL,400-380/110Vac 500VA 1Ph,,RFG,UNLOAD,,,0,0,1,B,,,,,2021,CBM,NO PLAN,
SPFL-C-0403,ELEC,Electrical Parts,Power supply,TRUMPF,TruPlasma MF 7120 G2 (50kHz),New Model,RFG,POWER SUPPLY ROOM,,,0,0,1,B,,,,,2015,15,2030,
SPFL-C-0402,ELEC,Electrical Parts,Power supply,TRUMPF,TruPlasma MF 7120 (50kHz),7 ea (No.1-7),RFG,POWER SUPPLY ROOM,,,0,0,1,B,,,,,2015,15,2030,
SPFL-C-0401,ELEC,Electrical Parts,Power supply,TRUMPF,TruPlasma DC 3040,6 ea (No.1-6),RFG,POWER SUPPLY ROOM,,,0,0,1,B,,,,,2015,15,2030,
SPFL-C-0400,ELEC,Electrical Parts,Power supply,TRUMPF,1453292,PCB clamping 2wr MF,,,STORE,Z4-03,2,1,2,B,,,,,,,,
SPFL-C-0399,ELEC,Electrical Parts,Power supply,TRUMPF,1497039 PCB Fuse set,PCB manifold card III,RFG,POWER SUPPLY,STORE,Z4-03,3,1,2,B,,,,,,,,
SPFL-C-0398,ELEC,Electrical Parts,POWER SUPPLY,SIEMENS,6EP1436-3BA00,Power supply 400-500VAC 3ph to 24VDC 20A,RFG,BENTELER WASHING,STORE,Z4-03-12,2,1,2,B,12400,,,,2020,5,2025,
SPFL-C-0397,ELEC,Electrical Parts,POWER SUPPLY,PHOENIX CONTACT,TRIO-PS-2G/1AC/24DC/5,"24-28VDC 5A, IN 100-240VAC",,,STORE,Z4-02-09,1,1,2,B,,,,,,,,
SPFL-C-0396,ELEC,Electrical Parts,Power supply,PHOENIX CONTACT,QUINT-PS-3X400-500AC/24DC/10,Input 380VAC 3PH >> 24VDC /10A,RFG,CATHODE,RFG,,3,0,1,B,15000,,,,2020,5,2025,
SPFL-C-0395,ELEC,Electrical Parts,Power supply,OMRON,S8VS-12024AP,"120W, 100-220VAC to 24VDC 5A",RFG,COAT ZONE,,,0,0,1,B,8568,,,,2023,5,2028,
SPFL-C-0394,ELEC,Electrical Parts,Power supply,OMRON,S8VS-12024,within Unload main cabinet,RFG,UNLOAD,,,0,0,1,B,,,,,2021,5,2026,
SPFL-C-0393,ELEC,Electrical Parts,Power supply,OMRON,S8JX-G010024CD,24VDC 100W,MIR,DI PLANT,,,0,0,1,B,,,,,2021,5,2026,
SPFL-C-0392,ELEC,Electrical Parts,POWER SUPPLY,OMRON,S8FS-G15024DC,"IN 100-240VAC, 3.3A 50Hz",,,STORE,Z4-04-10,1,1,2,B,,,,,,,,
SPFL-C-0391,ELEC,Electrical Parts,Power supply,NMB,15038PB-B3L-EP,Cooling fan 230VAC 150x172x38mm,RFG,POWER SUPPLY ROOM,STORE,,0,0,1,B,2630,,10,DAY,2015,15,2030,
SPFL-C-0390,ELEC,Electrical Parts,POWER SUPPLY,MEAN WELL,SDR-120-24,"120W, 100-220VAC to 24VDC 5A",RFG,COAT ZONE,STORE,Z4-04-09,4,1,2,B,4350,,,,2023,5,2028,
SPFL-C-0389,ELEC,Electrical Parts,POWER SUPPLY,MEAN WELL,RSP-320-24,"100-240VAC, 4A 50/60Hz",,,STORE,Z4-04-13,2,1,2,B,,,,,,,,
SPFL-C-0388,ELEC,Electrical Parts,POWER SUPPLY,MEAN WELL,LRS-350-24,"350W, 100-240VAC to 24VDC 14.6A",RFG,COAT ZONE,STORE,Z4-04-14,1,1,2,B,1360,,,,2023,5,2028,
SPFL-C-0387,ELEC,Electrical Parts,POWER SUPPLY,MEAN WELL,LRS-100-15,"100W, 100-240VAC to 15VDC 7A",RFG,COAT ZONE,STORE,Z4-03-11,11,1,2,B,1250,,,,2023,5,2028,
SPFL-C-0386,ELEC,Electrical Parts,Power supply,MEAN WELL,MDR-20-24,Power supply 24VDC 1.0 A,MIR,FACEDOWN,,,0,0,1,B,,,,,2021,5,2026,
SPFL-C-0385,ELEC,Drive & Motion,Inverter,ALLEN BRADLEY,20-HIM-A6,Keypad / Operating panel,RFG,POWER SUPPLY ROOM,RFG,,0,0,1,B,,,,,2015,15,2030,
SPFL-C-0384,ELEC,Drive & Motion,Inverter,ALLEN BRADLEY,20G11 R C 8P7 (4kW) PowerFlex 755,AUX Cabinet,RFG,POWER SUPPLY ROOM,RFG,,1,0,1,B,60980,,,,2015,15,2030,
SPFL-C-0383,ELEC,Drive & Motion,Inverter,ALLEN BRADLEY,20G11 N D 040 (30Hp) PowerFlex 755,CZ_IV,RFG,POWER SUPPLY ROOM,RFG,,0,0,1,B,175552,,,,2015,15,2030,
SPFL-C-0382,ELEC,Electrical Parts,Power supply,ADVANCE ENERGY (AE),SEMIKRON SKM400GA12E4,IGBT AE Power supply,RFG,POWER SUPPLY ROOM,RFG,,0,0,1,B,,,,,2015,15,2030,
SPFL-C-0381,ELEC,Electrical Parts,Power supply,ADVANCE ENERGY (AE),Crystal 120,"4 ea (No.5, 8, 9, 10)",RFG,POWER SUPPLY ROOM,,,0,0,1,B,,,,,2015,15,2030,
SPFL-C-0380,ELEC,Electrical Parts,Power supply,ADVANCE ENERGY (AE),AE Sub board,1000 3Ph 380V 22.0KW,RFG,POWER SUPPLY ROOM,RFG,,2,0,1,B,,,,,2015,15,2030,
SPFL-C-0379,ELEC,Electrical Parts,Power supply,ADVANCE ENERGY (AE),3192131-00,IVT drive Board,RFG,POWER SUPPLY ROOM,RFG,,0,0,1,B,,,,,2015,15,2030,
SPFL-C-0378,ELEC,Electrical Parts,NOISE FILTER,TDK-LAMBDA,BYRSHN-2010D 10A 220VAC,,RFG,UNLOAD,STORE,Z3-04-19,4,1,2,B,,,,,2021,15,2036,
SPFL-C-0377,ELEC,Electrical Parts,Fuse,MIRO MINGRONG,RS31(NGTC00) 40A,"40A, 690V fast-acting fuse, classified as type ""aR"", designed specifically for semiconductor protection",RFG,SMALL TEMPER,,,0,0,1,B,,,,,,CBM,NO PLAN,
SPFL-C-0376,ELEC,Electrical Parts,CONVERTER,PHOENIX CONTACT,MCR-FL-C-UI-2UI-DCI,,,,STORE,Z4-04-12,2,1,2,B,,,,,,,,
SPFL-C-0375,ELEC,Electrical Parts,CONVERTER,PHOENIX CONTACT,MACXMCR-UI-UI-UP-NC,Isolation/Converter (2811297),RFG,COAT ZONE,STORE,Z4-04-11,2,1,2,B,13400,,,,2023,10,2033,
SPFL-C-0374,ELEC,Electrical Parts,Breaker,TELEMECANIQUE,GV-AE11,Auxillary contact,RFG,BENTELER WASHING,STORE,,0,0,1,B,,,,,2005,CBM,NO PLAN,
SPFL-C-0373,ELEC,Electrical Parts,Breaker,TELEMECANIQUE,GV2-ME16,Predective motor switch,RFG,BENTELER WASHING,STORE,,0,0,1,B,,,,,2005,CBM,NO PLAN,
SPFL-C-0372,ELEC,Electrical Parts,Breaker,TELEMECANIQUE,GV2-ME14,Predective motor switch,RFG,BENTELER WASHING,STORE,,0,0,1,B,,,,,2005,CBM,NO PLAN,
SPFL-C-0371,ELEC,Electrical Parts,Breaker,TELEMECANIQUE,GV2-ME10,Predective motor switch,RFG,BENTELER WASHING,STORE,,0,0,1,B,,,,,2005,CBM,NO PLAN,
SPFL-C-0370,ELEC,Electrical Parts,Breaker,TELEMECANIQUE,GV2-ME08,Predective motor switch,RFG,BENTELER WASHING,STORE,,0,0,1,B,,,,,2005,CBM,NO PLAN,
SPFL-C-0369,ELEC,Electrical Parts,Breaker,TELEMECANIQUE,GV2-ME06,Predective motor switch,RFG,BENTELER WASHING,STORE,,0,0,1,B,,,,,2005,CBM,NO PLAN,
SPFL-C-0368,ELEC,Electrical Parts,Breaker,MITSUBISHI,CP30-BA 1P 5A,Breaker 1P 5 A,RFG,COAT ZONE,STORE,Z2-02-09,2,1,2,B,,,,,2023,CBM,NO PLAN,
SPFL-C-0367,ELEC,Electrical Parts,Breaker,MITSUBISHI,CP30-BA 1P 3A,Breaker 1P 3 A,RFG,COAT ZONE,STORE,Z2-02-08,1,1,2,B,,,,,2023,CBM,NO PLAN,
SPFL-C-0366,ELEC,Electrical Parts,Breaker,MITSUBISHI,CP30-BA 1P 1A,Breaker 1P 1 A,RFG,COAT ZONE,STORE,Z2-02-07,2,1,2,B,,,,,2023,CBM,NO PLAN,
SPFL-C-0365,ELEC,Electrical Parts,Breaker,MITSUBISHI,CP30-BA 1P 10A,Breaker 1P 10 A,RFG,COAT ZONE,STORE,Z2-02-10,3,1,2,B,,,,,2023,CBM,NO PLAN,
SPFL-C-0364,ELEC,Electrical Parts,Breaker,MITSUBISHI,CP30-BA 1P 0.5A,Breaker 1P 0.5 A,RFG,COAT ZONE,STORE,Z2-02-06,2,1,2,B,,,,,2023,CBM,NO PLAN,
SPFL-C-0363,ELEC,Electrical Parts,Break Resistor,MITSUBISHI,FR-ABR-H3.7K,,RFG,UNLOAD,,,0,0,1,B,,,,,2021,15,2036,
SPFL-C-0362,ELEC,Electrical Parts,Battery,SUNNY,SN7-12 (12VOLT-7AH),Battery for Emergency light,MIR,SB04,,,0,0,1,B,,,,,2025,5,2030,
SPFL-C-0361,ELEC,Electrical Parts,Battery,SUNNY,SN7-12 (12VOLT-7AH),Battery for Emergency light,RFG,UTILITY,,,0,0,1,B,,,,,,5,5,
SPFL-C-0360,ELEC,Electrical Parts,ADJUSTABLE RESISTANCE,VISHAY SPECTROL,M534-1 5KOHM,"VARIABLE RESISTOR : M534-1 5KOhm, 7/8"" (22 mm) Multiturn Wirewound",MIR,TOP PAINT,RFG,Z4-05-08,5,1,2,B,,,,,,CBM,NO PLAN,
SPFL-C-0359,ELEC,Electrical Parts,Adjustable Resistance,TOCOS,"RV24YN-20S-B202, KNOB A3, PLATE",,MIR,BASE PAINT,,,0,0,1,B,,,,,,CBM,NO PLAN,
SPFL-C-0358,ELEC,Pneumatics & Fluid,Solenoid valve,,SB116-2B4040,"Sol Valve G1-1/2"" (230VAC), Port size : 1-1/2 inch, Coil : 24 VDC or 220 VAC",MIR,BOTTERO CUTTING MACHINE,,,0,0,1,B,,,,,,CBM,NO PLAN,
SPFL-C-0357,ELEC,Pneumatics & Fluid,Solenoid valve,SMC,VV5FS4-01T-051-03,,RFG,UNLOAD,STORE,,0,0,1,B,7800,,6,WEEK,2015,CBM,NO PLAN,
SPFL-C-0356,ELEC,Pneumatics & Fluid,SOLENOID VALVE,SMC,VT307-5G1-02,"24VDC, 6.7W, 0-125 PSI",RFG,ENTRY/EXIT,STORE,Z3-04-12,3,1,2,B,1114,,5,DAY,2019,CBM,NO PLAN,
SPFL-C-0355,ELEC,Pneumatics & Fluid,SOLENOID VALVE,SMC,VT307-5DZ1-01-F (PRESS 0-0.9MPA),Air Blow On Off (VT307-5DZ-01-F Obsolete) DC 24 V,RFG,LOADING,,Z3-03-11,2,1,2,B,1417.5,,5,DAY,2015,CBM,NO PLAN,
SPFL-C-0354,ELEC,Pneumatics & Fluid,SOLENOID VALVE,SMC,VQZ3450-5LO1-02,,RFG,LOADING,STORE,Z3-04-13,2,1,2,B,,,,,,,,
SPFL-C-0353,ELEC,Pneumatics & Fluid,SOLENOID VALVE,SMC,VQZ3450-5L1 (PRESS 0.15-0.7MPA),Touch Level,RFG,LOADING,STORE,Z3-04-06,3,1,2,B,2612.25,,6,WEEK,2015,CBM,NO PLAN,
SPFL-C-0352,ELEC,Pneumatics & Fluid,Solenoid valve,SMC,VQZ3250-5LO1-02,,RFG,LOADING,STORE,Z2-04,2,1,2,B,,,,,,,,
SPFL-C-0351,ELEC,Pneumatics & Fluid,SOLENOID VALVE,SMC,VQZ3250-5L1 (PRESS 0.1-0.7MPA),Vacuum pad arm no. 1 - 5,RFG,LOADING,STORE,Z3-04-14,7,1,2,B,2264.25,,6,WEEK,2015,CBM,NO PLAN,
SPFL-C-0350,ELEC,Pneumatics & Fluid,SOLENOID VALVE,SMC,VQZ3150-5L1 (PRESS 0.1-0.7MPA),Glass Receiver,RFG,LOADING,STORE,Z3-03-14,5,1,2,B,1689,,6,WEEK,2015,CBM,NO PLAN,
SPFL-C-0349,ELEC,Pneumatics & Fluid,SOLENOID VALVE,SMC,VQ4100-5W1,,RFG,UNLOAD,STORE,Z3-04-05,2,1,2,B,2200,,3,WEEK,2015,CBM,NO PLAN,
SPFL-C-0348,ELEC,Pneumatics & Fluid,SOLENOID VALVE,SMC,VP742R-5TZ1-04A,,RFG,UNLOAD,STORE,Z3-04-11,2,1,2,B,3000,,6,WEEK,2015,CBM,NO PLAN,
SPFL-C-0347,ELEC,Pneumatics & Fluid,Solenoid valve,SMC,VP742-4DZ1-03B,,MIR,WASTE WATER PLANT,,,0,0,1,B,,,,,,CBM,NO PLAN,
SPFL-C-0346,ELEC,Pneumatics & Fluid,Solenoid valve,SMC,VP542R-5DZE1-03A-F (Press 0.2-0.8MPa),Vacuum Blow On Off (VP542R-5DZC-03A-F Obsolete),RFG,LOADING,,,0,0,1,B,2031,,6,WEEK,2015,CBM,NO PLAN,
SPFL-C-0345,ELEC,Pneumatics & Fluid,SOLENOID VALVE,SMC,VP542R-5DZ1-03A,,RFG,UNLOAD,STORE,Z3-04-04,4,1,2,B,2000,,3,WEEK,2015,CBM,NO PLAN,
SPFL-C-0344,ELEC,Pneumatics & Fluid,Solenoid valve,SMC,VFS4200-5FZ-03,,RFG,UNLOAD,STORE,,0,0,1,B,4700,,3,WEEK,2015,CBM,NO PLAN,
SPFL-C-0343,ELEC,Pneumatics & Fluid,Solenoid valve,SMC,VFS4100-5FZ-03,,RFG,UNLOAD,STORE,,0,0,1,B,3600,,3,WEEK,2015,CBM,NO PLAN,
SPFL-C-0342,ELEC,Pneumatics & Fluid,SOLENOID VALVE,SMC,VF5120-5DZ1-03,"*similar with BOSCH 5/2 Port 3/8"" 24 VDC",RFG,UNLOAD,STORE,Z3-03-20,1,1,2,B,2700,,5,DAY,2015,CBM,NO PLAN,
SPFL-C-0341,ELEC,Pneumatics & Fluid,Solenoid valve,SMC,VF3140-5DZ1-03,,RFG,UNLOAD,STORE,,0,0,1,B,2700,,3,WEEK,2015,CBM,NO PLAN,
SPFL-C-0340,ELEC,Pneumatics & Fluid,SOLENOID VALVE,SMC,SYJ5240-5DZE (PRESS 0.1-0.7MPA),Big Size Glass Chuck On Off (VZ3240-5DZC Obsolete),RFG,LOADING,STORE,Z3-03-16,20,1,2,B,2406.75,,6,WEEK,2015,CBM,NO PLAN,
SPFL-C-0339,ELEC,Pneumatics & Fluid,Solenoid valve,SMC,SYJ514-5LZE-01,"3-port solenoid valve with Manifold 12 station 1/8"" port",MIR,DI PLANT,,,0,0,1,B,,,,,,CBM,NO PLAN,
SPFL-C-0338,ELEC,Pneumatics & Fluid,Solenoid valve,SMC,SYJ319-5H-X54-Q,for TMP,RFG,CATHODE,,,0,0,1,B,,,,,2015,CBM,NO PLAN,
SPFL-C-0337,ELEC,Pneumatics & Fluid,Solenoid valve,SMC,SY7120-5LZ-02,,RFG,FORELINE,STORE,Z2-05,2,1,2,B,1668,,5,DAY,2015,CBM,NO PLAN,
SPFL-C-0336,ELEC,Pneumatics & Fluid,Solenoid valve,SMC,SY7120-4DZ-02 (220VAC),,RFG,G-55 / DI,,,0,0,1,B,1963.5,,5,DAY,2016,CBM,NO PLAN,
SPFL-C-0335,ELEC,Pneumatics & Fluid,Solenoid valve,SMC,SS5Y7-20-12,"MANIFOLD BASE FOR VALVE 12 Station, for SY7120-4DZ-02 (220VAC)",RFG,G-55 / DI,,,0,0,1,B,2624.25,,5,DAY,2024,CBM,NO PLAN,
SPFL-C-0334,ELEC,Pneumatics & Fluid,Solenoid valve,SMC,SS5Y7-20-11,"MANIFOLD BASE FOR VALVE 11 Station, for SY7120-4DZ-02 (220VAC)",RFG,G-55 / DI,,,0,0,1,B,2448,,6,WEEK,2024,CBM,NO PLAN,
SPFL-C-0333,ELEC,Pneumatics & Fluid,Solenoid valve,SMC,SS5Y7-20-10,"MANIFOLD BASE FOR VALVE 10 Station, for SY7120-4DZ-02 (220VAC)",RFG,G-55 / DI,,,0,0,1,B,2271.75,,5,DAY,2024,CBM,NO PLAN,
SPFL-C-0332,ELEC,Pneumatics & Fluid,Solenoid valve,SMC,SS5Y7-20-06,"MANIFOLD BASE FOR VALVE 6 Station, for SY7120-4DZ-02 (220VAC)",RFG,G-55 / DI,,,0,0,1,B,1566.75,,5,DAY,2024,CBM,NO PLAN,
SPFL-C-0331,ELEC,Pneumatics & Fluid,Solenoid valve,SMC,PT1/4-PTC16,"Socket Plug 1/4, for SY7120-4DZ-02 (220VAC)",RFG,G-55 / DI,,,0,0,1,B,20.25,,5,DAY,2024,CBM,NO PLAN,
SPFL-C-0330,ELEC,Pneumatics & Fluid,Solenoid valve,SCHRADER BELLOWS,L7452410119,"(Parker) Poppet valve 5/2, Coil : 24 VDC, Max inlet 100 PSI",RFG,ENTRY/EXIT,,,0,0,1,B,,,,,2019,CBM,NO PLAN,
SPFL-C-0329,ELEC,Pneumatics & Fluid,Solenoid valve,PARKER,P000-1201-01-001 N3557904553,3/2 NC (120VAC),RFG,ENTRY/EXIT,,,0,0,1,B,,,,,2019,CBM,NO PLAN,
SPFL-C-0328,ELEC,Pneumatics & Fluid,Solenoid valve,PARKER,N3557904553,140 PSIG (use with 110VAC),RFG,ENTRY/EXIT,STORE,Z1-03,2,1,2,B,,,,,,,,
SPFL-C-0327,ELEC,Pneumatics & Fluid,Solenoid valve,PARKER,N3557904549,140 PSIG (use with 24VDC),RFG,ENTRY/EXIT,STORE,Z1-03,2,1,2,B,,,,,,,,
SPFL-C-0326,ELEC,Pneumatics & Fluid,SOLENOID VALVE,PARKER,K065903553,Coil 120/110VAC 60/50Hz,RFG,ENTRY/EXIT,STORE,Z1-03-09,3,1,2,B,,,,,,,,
SPFL-C-0325,ELEC,Pneumatics & Fluid,SOLENOID VALVE,PARKER,K065903549,Coil 24 VDC,RFG,ENTRY/EXIT,STORE,Z1-03-10,3,1,2,B,,,,,,,,
SPFL-C-0324,ELEC,Pneumatics & Fluid,Solenoid valve,NORGREN,V61B513A-A2 (C0135) 10 Bar,,RFG,FORELINE,,,0,0,1,B,,,,,2024,CBM,NO PLAN,
SPFL-C-0323,ELEC,Pneumatics & Fluid,Solenoid valve,NORGREN,V45A517D-C313A,"POPPET VALVE OF POLYCOLD, 5/2 (Coil: 24VDC)",RFG,ENTRY/EXIT,STORE,Z2-04,3,1,2,B,4190,,,,2019,CBM,NO PLAN,
SPFL-C-0322,ELEC,Pneumatics & Fluid,Solenoid valve,NORGREN,SXE-9573-A80-00B,"Puppet Valve TMP of Cylinder, 5/2 COIL 24VDC (Single end)",RFG,ENTRY/EXIT,STORE,,1,0,1,B,6350,,,,2026,CBM,NO PLAN,
SPFL-C-0321,ELEC,Pneumatics & Fluid,Solenoid valve,NORGREN,SXE-0573-A60-00B,"SLIT VALVE No.1-4, 5/2 COIL 24VDC (Double end)",RFG,ENTRY/EXIT,STORE,Z2-04,1,1,2,B,8090,,,,2026,CBM,NO PLAN,
SPFL-C-0320,ELEC,Pneumatics & Fluid,Solenoid valve,NORGREN,M/P19126,Base solenoid valve SIDE PORT PT 1/4 (ISO G) (BSPP) for Slit Valve no.1-4 (SXE-0573-A60-00B),RFG,ENTRY/EXIT,STORE,Z2-04,3,1,2,B,1550,,,,2025,CBM,NO PLAN,
SPFL-C-0319,ELEC,Pneumatics & Fluid,Solenoid valve,HUMPHREY,062E1-3-10-20-36,"24VDC, 6.7W, 0-125 PSI (Replaced with SMC : VT307-5G1-02)",RFG,ENTRY/EXIT,STORE,,0,0,1,B,,,,,2019,CBM,NO PLAN,
SPFL-C-0318,ELEC,Pneumatics & Fluid,Solenoid valve,CKD,M4F110-08-LNC-8-CU-DC24V,Manifold Valve,MIR,BASE PAINT,,,0,0,1,B,,,,,,CBM,NO PLAN,
SPFL-C-0317,ELEC,Pneumatics & Fluid,Solenoid valve,CKD,M4F110-08-LNC-8-CU-DC24V,"Manifold Valve, DI D-32, An-Cat = 11 ea, Mixbed 1 = 12 ea, Mixbed 2 = 6+6 = 12 ea, DI G-55, An = 12 ea, Cat = 10 ea, Mixbed D = 10 ea",RFG,G-55,,,0,0,1,B,,,,,2016,CBM,NO PLAN,
SPFL-C-0316,ELEC,Pneumatics & Fluid,Solenoid valve,CAMOZZI,CFB-B23L-W1-B9E-124-800,BRASS 2/2 NC 3/8” 220 VAC,MIR,WASTE WATER PLANT,,,0,0,1,B,,,,,,CBM,NO PLAN,
SPFL-C-0315,ELEC,Pneumatics & Fluid,Regulator,SMC,AR20K-02BG-D,PRESSURE REGULATOR,RFG,LOADING,,,0,0,1,B,784.5,,5,DAY,2025,10,2035,
SPFL-C-0314,ELEC,Pneumatics & Fluid,PRESSURE GAUGE,SMC,ZSE20CF-T-M-02-W,PRESSURE GAUGE,RFG,LOADING,STORE,Z3-04-15,2,1,2,B,,,,,,,,
SPFL-C-0313,ELEC,Pneumatics & Fluid,Pressure Gauge,NIDEC,PG-35-102A-PR2,"0 ? 100 kPa Absolute pressure, [Absolute vacuum ? Barometic pressure], PNP open collector, R 1/4?M 5 ?????With M5 female screw)",RFG,COAT ZONE,STORE,,0,0,1,B,,,,,2023,10,2033,
SPFL-C-0312,ELEC,Pneumatics & Fluid,Fitting,SMC,KQ2L08-03AS,"Male elbow Fitting R3/8, Rc3/8 >> 8MM",MIR,WASTE WATER PLANT,,,0,0,1,B,,,,,,CBM,NO PLAN,
SPFL-C-0311,ELEC,Pneumatics & Fluid,Fitting,SMC,KQ2H08-03AS,"Male connector Fitting R3/8, Rc3/8 >> 8MM",MIR,WASTE WATER PLANT,,,0,0,1,B,,,,,,CBM,NO PLAN,
SPFL-C-0310,ELEC,Pneumatics & Fluid,Cylinder,SMC,CDQ2B32-40DCMZ,Cylinder push up,RFG,UNLOAD,RFG,,0,0,1,B,,,,,2021,10,2031,
SPFL-C-0309,ELEC,Pneumatics & Fluid,Cylinder,SMC,CDQ2B32-40DCMZ,Cylinder push up,RFG,LOADING,RFG,,0,0,1,B,,,,,2023,10,2033,
SPFL-C-0308,ELEC,Pneumatics & Fluid,Butterfly Valve,BRAVO,OM-1,Ball Valve + Electric Actuator,MIR,WASTE WATER PLANT,STORE,,0,0,1,B,,,,,,CBM,NO PLAN,
SPFL-C-0307,ELEC,Pneumatics & Fluid,Air Regulator,SMC,AR30K-03BG-B,AIR REGULATOR,MIR,WASTE WATER PLANT,,,0,0,1,B,,,,,,CBM,NO PLAN,
SPFL-C-0306,ELEC,Other,Other,,Potentiometers,500 Ohm +- 5%,RFG,COAT ZONE,,,0,0,1,B,,,,,,,,
SPFL-C-0305,ELEC,Other,Other,SIEMENS,6GK 1905-6AA00,,RFG,OTHER,,,0,0,1,B,,,,,,CBM,NO PLAN,
SPFL-C-0304,ELEC,Other,Other,CZ,CZ0866,â¤Áä¿¡Ñ¹ÃÐàºÔ´ zone 1,MIR,UTILITY,,,0,0,1,B,,,,,,,,
SPFL-C-0303,ELEC,Network & Comm,Wi-Fi Adapter,TP-LINK,Archer T3U Nano AC1300 Dual Band,"Wi-Fi Adapter 5 GHz: 867 Mbps, 2.4 GHz: 400 Mbps",RFG,OTHER,,,0,0,1,B,,,,,,CBM,NO PLAN,
SPFL-C-0302,ELEC,Drive & Motion,Inverter,ALLEN BRADLEY,20G11 N C 037 (18.5kW) PowerFlex 755,NC_IV / XCTT1_IV,RFG,POWER SUPPLY ROOM,RFG,,0,0,1,B,145615,,,,2015,15,2030,
SPFL-C-0301,ELEC,Drive & Motion,Inverter,ALLEN BRADLEY,20G11 N C 030 (15kW) PowerFlex 755,NT_IV / XC_IV / XT_IV / XCTT2_IV,RFG,POWER SUPPLY ROOM,RFG,,3,0,1,B,121346,,,,2015,15,2030,
SPFL-C-0300,ELEC,Network & Comm,NETWORK,PROSOFT,PLX51-PBM,Communication Profibus to Ethernet,RFG,CATHODE,RFG,Z3-03-04,1,1,4,B,57500,,,,2015,CBM,NO PLAN,
SPFL-C-0299,ELEC,Network & Comm,NETWORK,PROSOFT,MVI56E-MNETC/MNETCXT,"ControlLogix? Platform, Modbus TCP/IP Client Enhanced, Communication Module - Client/Server, PROFIBUS Stripping Tool",RFG,OPERATION ROOM,STORE,Z3-03-03,1,1,2,B,171689,,7,WEEK,-,CBM,NO PLAN,
SPFL-C-0298,ELEC,Network & Comm,NETWORK,PROSOFT,5204-DFNT-PDPMV1,,RFG,,STORE,Z4-02-04,2,1,2,B,,,,,,,,
SPFL-C-0297,ELEC,Network & Comm,Memory Card,SIEMENS,6ES7-953-8LM32-0AA0,MEMORY CARD FOR S7-300 4MBYTES,RFG,CATHODE,RFG,,5,0,1,B,16000,,,,2015,CBM,NO PLAN,
SPFL-C-0296,ELEC,Network & Comm,Memory Card,SIEMENS,6ES7-953-8LF11-0AA0,Memory Card MMC 64k f. CPU 313C,RFG,BENTELER WASHING,,,0,0,1,B,16000,,,,2005,CBM,NO PLAN,
SPFL-C-0295,ELEC,Instrumentation,Power meter,SCHNEIDER,PM2230,92x92,RFG,UTILITY,STORE,,0,0,1,B,4850,,,,2024,CBM,NO PLAN,
SPFL-C-0294,ELEC,Instrumentation,METER,M-SYSTEM,40DV-V2-K3,Digital panel meter,RFG,COAT ZONE,STORE,Z4-02-07,5,1,2,B,3200,,,,2023,CBM,NO PLAN,
SPFL-C-0293,ELEC,I/O & Signal,SWITCH AMPLIFIER,PEPPERL+FUCHS,WE77/EX-2 230V,"Red unit, receive signal from sensor Blower",MIR,TOP PAINT,,Z1-02-19,3,1,2,B,,,,,,CBM,NO PLAN,
SPFL-C-0292,ELEC,I/O & Signal,Sensor,VEGA,VEGAPULS 31 (RA 222-229 4-20 MA),DI Storage Tank,RFG,DI REGEN PLANT,STORE,,0,0,1,B,,,,,2023,15,2038,
SPFL-C-0291,ELEC,I/O & Signal,SENSOR,TURCK,FCS-G1/2A4-AP8X-H1141,"Flow Monitoring 24VDC, 400mA, Flow spd: 1-300cm/s",RFG,CATHODE,,Z3-02,2,1,2,B,,,,,,15,15,
SPFL-C-0290,ELEC,I/O & Signal,Sensor,TURCK,BI5U-M18-AP6X-H1141,"Sense 5 mm, Threaded barrel, M18, 10-30VDC, PNP",RFG,CATHODE,,,2,0,1,B,,,,,,15,15,
SPFL-C-0289,ELEC,I/O & Signal,SENSOR,SMC,D-H7NW,Touch lv. Reed switch 3 wire NPN,RFG,LOADING,RFG,,6,0,1,B,861.75,,3,WEEK,2020,15,2035,
SPFL-C-0288,ELEC,I/O & Signal,SENSOR,SMC,D-A73,Cylinder Stopper Reed switch 24VDC 2-wires,RFG,LOADING,RFG,,7,0,3,B,439.5,,5,DAY,2020,15,2035,
SPFL-C-0287,ELEC,I/O & Signal,Sensor,SCHMERSAL,BP 10,"Actuator for BNS 120-11Z, Assured switching distance ""ON"" Sao : 20mm, Assured switching distance ""OFF"" Sar : 32mm",RFG,CATHODE,,,0,0,1,B,,,,,,15,15,
SPFL-C-0286,ELEC,I/O & Signal,Sensor,SCHMERSAL,BNS 120-11Z,"M12 Magnetic sensor (20 years) 4wire 1m IP67, -25 ... +70 ?C 1NO/1NC 100VAC/VDC, Assured switching distance ""ON"", Sao : 20mm Assured switching distance ""OFF"" Sar : 32mm",RFG,CATHODE,,,0,0,1,B,,,,,,15,15,
SPFL-C-0285,ELEC,I/O & Signal,Sensor,SAGINOMIYA,FQS-U30G,"[Chiller No.4,5] Flow sensor",RFG,CHILLER,,,0,0,1,B,,,,,2023,15,2038,
SPFL-C-0284,ELEC,I/O & Signal,Sensor,PILZ,"PSEN 1.1p-20/PSEN 1.1-20/8mm/ 1unit ""PILZ""",Magnetic Interlock Sensor,RFG,CATHODE,STORE,Z2-04,5,1,2,B,3127.5,,,,2015,15,2030,
SPFL-C-0283,ELEC,I/O & Signal,Sensor,PILZ,PSEN 1.1p-20/PSEN 1.1-20/8mm,Interlock cover,RFG,CATHODE,STORE,Z2-04,5,1,2,B,,,,,2015,15,2030,
SPFL-C-0282,ELEC,I/O & Signal,Sensor,PILZ,PNOZ X8P,Monitoring of E-STOP (777 760 24VDC),RFG,BENTELER WASHING,,,0,0,1,B,,,,,2005,15,2020,
SPFL-C-0281,ELEC,I/O & Signal,SENSOR,PENNY+GILLES,SLS 190/0050/2/L/66/1,Linear potentiometer,RFG,BENTELER WASHING,STORE,Z3-04-10,3,1,2,B,,,,,2005,15,2020,
SPFL-C-0280,ELEC,I/O & Signal,Sensor,OMRON,E3S-AD87,"Photoelectric Sensor, E3S-A Series, Horizontal, 700 mm, Diffuse, PNP, 10 Vdc to 30 Vdc Check alignment",RFG,READY ROOM,STORE,Z2-03,2,1,2,B,,,,,,15,15,
SPFL-C-0279,ELEC,I/O & Signal,SENSOR,OMRON,E3JK-RP12,,,,STORE,Z4-02-13,1,1,2,B,,,,,,,,
SPFL-C-0278,ELEC,I/O & Signal,SENSOR,OMRON,E2S-Q23,"PROXIMITY Sensor DC 3-wire NPN NO, arm cup",RFG,LOADING,STORE,Z2-04-15,1,1,5,B,850,,7,DAY,2020,15,2035,
SPFL-C-0277,ELEC,I/O & Signal,Sensor,OMRON,E2E-X5Y1 2M,"Interlock painting pump, Proximity Sensor, M18, AC, 2-Wire,NO ,5mm sense (¶éÒ E2E-X10Y1 2M 10mm)",MIR,TOP PAINT,,,0,0,1,B,,,,,2024,15,2039,
SPFL-C-0276,ELEC,I/O & Signal,Sensor,KEYENCE,PZ-G41N,Arm cup,RFG,UNLOAD,RFG,,0,0,1,B,,,,,2021,15,2036,
SPFL-C-0275,ELEC,I/O & Signal,Sensor,KEYENCE,PZ-G41N,NPN,RFG,LOADING,RFG,,3,0,1,B,2610,,,,2020,15,2035,
SPFL-C-0274,ELEC,I/O & Signal,Sensor,KEYENCE,OP-87409,Mounting Bracket,MIR,BASE PAINT,,,9,0,1,B,200,,,,,15,15,
SPFL-C-0273,ELEC,I/O & Signal,SENSOR,KEYENCE,LR-ZH500P,(เลิกใช้งาน) Laser sensor,MIR,BASE PAINT,STORE,Z1-04-10,3,1,2,B,14000,,,,,15,15,
SPFL-C-0272,ELEC,I/O & Signal,SENSOR,KEYENCE,GS-P8C5,Safety door : CABLE,RFG,LOADING,STORE,Z1-03-08,1,1,2,B,,,,,2023,15,2038,
SPFL-C-0271,ELEC,I/O & Signal,SENSOR,KEYENCE,GS-ML51P,Safety door : POWER TO LOCK,RFG,LOADING,STORE,Z1-03-06,1,1,2,B,,,,,2023,15,2038,
SPFL-C-0270,ELEC,I/O & Signal,Sensor,KEYENCE,GS-MB31,Safety door : BRACKET,RFG,LOADING,STORE,Z1-03,1,1,2,B,,,,,2023,15,2038,
SPFL-C-0269,ELEC,I/O & Signal,SENSOR,KEYENCE,GS-MAL5M,Safety door : ACTUATOR,RFG,LOADING,STORE,Z1-03-07,2,1,2,B,,,,,2023,15,2038,
SPFL-C-0268,ELEC,I/O & Signal,Sensor,KEYENCE,FW-V20P,Amp unit,MIR,LOADING,,,0,0,1,B,set,,,,,15,15,
SPFL-C-0267,ELEC,I/O & Signal,Sensor,KEYENCE,FW-V20,Ultrasonic sensor (Amp unit),RFG,BILCO WASHING,,,0,0,1,B,set,,,,,15,15,
SPFL-C-0266,ELEC,I/O & Signal,Sensor,KEYENCE,FW-H07,Ultrasonic sensor (Head),RFG,BILCO WASHING,STORE,Z2-03,1,1,2,B,127800,,,,,15,15,
SPFL-C-0265,ELEC,I/O & Signal,Sensor,KEYENCE,FW-H02,Sensor head,MIR,LOADING,,,0,0,1,B,22000,,,,,15,15,
SPFL-C-0264,ELEC,I/O & Signal,Sensor,KEYENCE,FW-B01,"Ultrasonic sensor (Bracket, Right-angled)",RFG,BILCO WASHING,,,0,0,1,B,set,,,,,15,15,
SPFL-C-0263,ELEC,I/O & Signal,Sensor,KEYENCE,FU-95Z,Sensor level Storage tank 1,MIR,DI PLANT,,,0,0,1,B,,,,,,15,15,
SPFL-C-0262,ELEC,I/O & Signal,Sensor,KEYENCE,FU-85Z(10000),"-40-100C, +-2.2, 10m, Start 0mm, Fine 290mm, Tera 900mm",MIR,BASE PAINT,,,0,0,1,B,,,,,2025,15,2040,
SPFL-C-0261,ELEC,I/O & Signal,Sensor,KEYENCE,FU-85Z(10000),"-40-100C, +-2.2, 10m, Start 0mm, Fine 290mm, Tera 900mm",MIR,TOP PAINT,,,0,0,1,B,,,,,2025,15,2040,
SPFL-C-0260,ELEC,I/O & Signal,Sensor,KEYENCE,FU-77TZ,Sensor head,RFG,COAT ZONE,,,0,0,1,B,3200,,,,,15,15,
SPFL-C-0259,ELEC,I/O & Signal,Sensor,KEYENCE,FS-N41P,"Amplifier unit, PNP",MIR,BASE PAINT,,,0,0,1,B,,,,,2025,15,2040,
SPFL-C-0258,ELEC,I/O & Signal,Sensor,KEYENCE,FS-N41P,"Amplifier unit, PNP",MIR,TOP PAINT,,,0,0,1,B,,,,,2025,15,2040,
SPFL-C-0257,ELEC,I/O & Signal,Sensor,KEYENCE,FS-N41P,Amp unit,RFG,COAT ZONE,,,0,0,1,B,7700,,,,,15,15,
SPFL-C-0256,ELEC,I/O & Signal,Sensor,KEYENCE,FS-N13P,Amplifier/monitor Sensor FU-95Z level Storage tank 1,MIR,DI PLANT,,,0,0,1,B,,,,,,15,15,
SPFL-C-0255,ELEC,I/O & Signal,Sensor,KEYENCE,FD-Q50C,"Flow meter (Clamp 1 1/2"")",MIR,DI PLANT,,,0,0,1,B,,,,,,15,15,
SPFL-C-0254,ELEC,I/O & Signal,SENSOR,KEYENCE,EV-130M,"M30, NO, 250 Hz, 10 mm 10%",RFG,UNLOAD,STORE,Z1-04-11,4,1,2,B,,,,,,15,15,
SPFL-C-0253,ELEC,I/O & Signal,Sensor,KEYENCE,EM-038,NPN Sensor,MIR,OMC,STORE,Z2-03,2,1,2,B,,,,,,15,15,
SPFL-C-0252,ELEC,I/O & Signal,Sensor,KEYENCE,AP-C30WP,Digital Pressure sensor (PNP),MIR,,STORE,Z2-03,5,1,2,B,6800,,,,,15,15,
SPFL-C-0251,ELEC,I/O & Signal,Sensor,KEYENCE,AP-C30W,"Pressure Sensor, NPN, Multi range pressure",RFG,LOADING,STORE,Z2-03,5,1,2,B,,,,,,15,15,
SPFL-C-0250,ELEC,I/O & Signal,Sensor,ELIWELL,IC 915 PTC,(use with Probe: PTC/NTC) 230VAC for Hot water system,MIR,WASTE WATER PLANT,,,0,0,1,B,,,,,,15,15,
SPFL-C-0249,ELEC,I/O & Signal,Sensor,BROOKS,GF040CXXC-SA452.6L-O2VVS4-XXXXAX-00C,range:2600sccm,RFG,CATHODE,,,0,0,1,B,,,,,,15,15,
SPFL-C-0248,ELEC,I/O & Signal,SENSOR,BANNER,Q45VR3CV,"Q45 Series: Convergent, Range: 38 mm; Input: 12-250 V dc/24-250 V ac, Output: SPDT Electromechanical Relay, 2 m (6.5 ft) Cable, Part Number: 53972",RFG,ENTRY/EXIT,STORE,Z4-03-02,4,1,2,B,,,,,2020,15,2035,
SPFL-C-0247,ELEC,I/O & Signal,SENSOR,BANNER,Q45BB6F,Q45 SERIES RUGGED FIBER OPTIC AMPLIFIER,MIR,BASE PAINT,STORE,Z4-03-03,3,1,2,B,7500,,2,MONTH,2012,15,2027,
SPFL-C-0246,ELEC,I/O & Signal,Sensor,BANNER,Q45BB6DX,"Q45 Series: High-power Diffuse, Range: 3 m;, Input: 10-30 V dc, Output: Bipolar: 1 NPN; 1 PNP, 2 m (6.5 ft) Cable, Part Number: 42476",RFG,ENTRY/EXIT,RFG,,7,0,1,B,,,,,2020,15,2035,
SPFL-C-0245,ELEC,I/O & Signal,Sensor,BANNER,OSECV (27352),"OMNI-BEAM? E-Series Sensors, Relay output, Operate from 24 to 250 V ac (50/60 Hz) or from 24 to 36 V dc",RFG,ENTRY/EXIT,RFG,,7,0,1,B,,,,,2020,15,2035,
SPFL-C-0244,ELEC,I/O & Signal,Sensor,BANNER,OPEJ5 (Power block model),"OMNI-BEAM? E-Series Sensors, Relay output, Operate from 24 to 250 V ac (50/60 Hz) or from 24 to 36 V dc",RFG,ENTRY/EXIT,RFG,,8,0,1,B,,,,,2020,15,2035,
SPFL-C-0243,ELEC,I/O & Signal,Sensor,BANNER,BT218SM900,HIGH TEMPERATURE FIBER OPTICS,MIR,TOP PAINT,,,0,0,1,B,26000,,2,MONTH,,15,15,
SPFL-C-0242,ELEC,I/O & Signal,Sensor,BANNER,BT218SM900,HIGH TEMPERATURE FIBER OPTICS,MIR,BASE PAINT,,,0,0,1,B,26000,,2,MONTH,2012,15,2027,
SPFL-C-0241,ELEC,I/O & Signal,Relay socket,OMRON,G6B-4BND,,RFG,LOADING,,,0,0,1,B,,,,,2015,CBM,NO PLAN,
SPFL-C-0240,ELEC,I/O & Signal,RELAY,WIP,W-OP4(3P4W) 3 À¿Ê 4 ÊÒÂ,"Protection Relay 3? Under, Over and Voltage unbalance with Selectable Voltage",MIR,UTILITY,,Z1-02-18,3,1,2,B,1400,,1,WEEK,2026,3,2029,
SPFL-C-0239,ELEC,I/O & Signal,Relay,OMRON,PTFZ-14-E,Socket for LY4N,RFG,COAT ZONE,,,0,0,1,B,,,,,2023,CBM,NO PLAN,
SPFL-C-0238,ELEC,I/O & Signal,Relay,OMRON,LY4N DC24,Relay coil 10A,RFG,COAT ZONE,,,0,0,1,B,,,,,2023,CBM,NO PLAN,
SPFL-C-0237,ELEC,I/O & Signal,Relay,OMRON,G6B-1174P-FD-US-P6B,24VDC 5A,RFG,LOADING,,,0,0,1,B,,,,,2015,CBM,NO PLAN,
SPFL-C-0236,ELEC,I/O & Signal,Relay,AOCGO,FY-NG2R16C-D24,Relay module 16channel,MIR,DI PLANT,,,0,0,1,B,,,,,,CBM,NO PLAN,
SPFL-C-0235,ELEC,Drive & Motion,Inverter,ALLEN BRADLEY,20G11 N C 022 (11kW) PowerFlex 755,XUT1_IV,RFG,POWER SUPPLY ROOM,RFG,,1,0,1,B,105215,,,,2015,15,2030,
SPFL-C-0234,ELEC,Drive & Motion,Inverter,ALLEN BRADLEY,20G11 N C 011 (5.5kW) PowerFlex 755,NLT_IV,RFG,POWER SUPPLY ROOM,RFG,,1,0,1,B,89229,,,,2015,15,2030,
SPFL-C-0233,ELEC,I/O & Signal,Pressure switch,KROMSCHRODER,DG 6U-3,/Honeywell/ 0.5 – 6.5 mbar (actual use 0.5 mbar) Monitoring : Hot air/gas (~ 40-50 ?C) Voltage : 220 VAC Honeywell C6065 (40–100 Pa)?,MIR,TOP OVEN,STORE,Z1-05-03,4,1,2,B,,,,,,CBM,NO PLAN,
SPFL-C-0232,ELEC,I/O & Signal,Pressure Switch,HAITUN,PC-2,"Pressure Switch for pump, 1P : 220V 50Hz, Max Current : 12A, Max Pump : 2 HP (1.5kW), Female 1/4"" NPT, Pressure : 1.4 - 6.5 bar (Default 1.4 - 2.8 bar)",RFG,G-55 / RO,,,0,0,1,B,,,,,2024,CBM,NO PLAN,
SPFL-C-0231,ELEC,I/O & Signal,PRESSURE SWITCH,DANFOSS,RT116,"1-10 bar, IP66 (Outdoor)",RFG,G-55 / RO,STORE,Z1-04-05,1,1,2,B,,,,,2023,CBM,NO PLAN,
SPFL-C-0230,ELEC,I/O & Signal,PRESSURE SWITCH,DANFOSS,KP35,Pressure switch,MIR,WASTE WATER PLANT,,Z1-04-04,3,1,2,B,,,,,,CBM,NO PLAN,
SPFL-C-0229,ELEC,Electrical Parts,Magnetic,TELEMECANIQUE,LC1-D09BD,Magnetic Contactor 4kW,RFG,BENTELER WASHING,STORE,,0,0,1,B,,,,,2015,CBM,NO PLAN,
SPFL-C-0228,ELEC,Electrical Parts,Magnetic,TELEMECANIQUE,LA1-DY20,Auxillary contact,RFG,BENTELER WASHING,STORE,,0,0,1,B,,,,,2015,CBM,NO PLAN,
SPFL-C-0227,ELEC,Electrical Parts,Magnetic,MITSUBISHI,S-T65,"[Chiller No.4,5]",RFG,CHILLER,,,0,0,1,B,,,,,2023,CBM,NO PLAN,
SPFL-C-0226,ELEC,Electrical Parts,Magnetic,ABB,AF116-30-11,Magnetic Contractor controlling motors up to 55 kW / 400 V AC (AC-3) or 75 hp (Old model : A110-30-11),RFG,UTILITY,,,0,0,1,B,,,,,2016,CBM,NO PLAN,
SPFL-C-0225,ELEC,I/O & Signal,Limit Switch,TELEMECANIQUE,XCK-N2102P20,Limit switch thickness,RFG,BENTELER WASHING,,,0,0,1,B,,,,,2005,15,2020,
SPFL-C-0224,ELEC,I/O & Signal,Limit switch,OTHER,HFS-25,"Flow of Main cooling (under production line), Paddle Flow Switch 1 inch, with paddle SUS 5 ea, contact 15A 220VAC",RFG,UTILITY,STORE,Z2-02-03,1,1,2,B,750,,1,WEEK,2025,15,2040,
SPFL-C-0223,ELEC,I/O & Signal,Limit Switch,OMRON,Z-15GW22-B,Water Flow Switch (Cooling water of Cathode),RFG,CATHODE,,,0,0,1,B,,,,,2015,15,2030,
SPFL-C-0222,ELEC,I/O & Signal,Limit Switch,OMRON,D4N-1132N,Limit Switch,RFG,UNLOAD,,,0,0,1,B,,,,,2021,15,2036,
SPFL-C-0221,ELEC,I/O & Signal,Level switch,VEGA,VEGAPULS 31,Radar sensor for Water Level tank,RFG,UTILITY,STORE,,0,0,1,B,34704,,,,2023,15,2038,
SPFL-C-0220,ELEC,I/O & Signal,LEVEL SWITCH,OMRON,PS-5S,4-Pole Electrode Holder,,,STORE,Z1-03-16,4,1,5,B,,,,,,,,
SPFL-C-0219,ELEC,I/O & Signal,Level switch,OMRON,PS-4S,4-Pole Electrode Holder,RFG,RO PLANT,STORE,Z1-03,0,1,2,B,,,,,2024,15,2039,
SPFL-C-0218,ELEC,I/O & Signal,LEVEL SWITCH,OMRON,PS-3S,3-Pole Electrode Holder,RFG,RO PLANT,STORE,Z1-03-15,3,1,3,B,,,,,2024,15,2039,
SPFL-C-0217,ELEC,I/O & Signal,Level switch,OMRON,F03-14 5P SEPARATOR,protect rod contact together,RFG,RO PLANT,STORE,,0,0,1,B,91,,,,2024,15,2039,
SPFL-C-0216,ELEC,I/O & Signal,Level switch,OMRON,F03-14 3P SEPARATOR,protect rod contact together,RFG,RO PLANT,STORE,,0,0,1,B,66,,,,2024,15,2039,
SPFL-C-0215,ELEC,I/O & Signal,Level switch,OMRON,F03-03 SUS304(201) LOCK NUT,no need to buy,RFG,RO PLANT,STORE,,0,0,1,B,16,,,,N/A,15,#VALUE!,
SPFL-C-0214,ELEC,I/O & Signal,Level switch,OMRON,F03-02 SUS304(201) CONNECTING NUT,for extend rod for using with Electrode rod,RFG,RO PLANT,STORE,,0,0,1,B,44,,,,2024,15,2039,
SPFL-C-0213,ELEC,I/O & Signal,Level switch,OMRON,F03-01 SUS304 ELECTRODE,Electrode rod,RFG,RO PLANT,STORE,,0,0,1,B,212,,,,2024,15,2039,
SPFL-C-0212,ELEC,I/O & Signal,LEVEL SWITCH,OMRON,61F-G-AP AC110/220,LEVEL CONTROLLER (Relay Unit),RFG,RO PLANT,STORE,Z1-03-18,2,1,2,B,1143,,,,2024,15,2039,
SPFL-C-0211,ELEC,I/O & Signal,LEVEL SWITCH,OMRON,61F-G3 AC110/220,LEVEL CONTROLLER (Relay Unit),RFG,RO PLANT,STORE,Z1-03-19,1,1,2,B,4574,,,,2024,15,2039,
SPFL-C-0210,ELEC,I/O & Signal,Level switch,OMRON,61F-G2 AC110/220,LEVEL CONTROLLER (Relay Unit),RFG,RO PLANT,STORE,Z1-03,0,1,2,B,2712,,,,2024,15,2039,
SPFL-C-0209,ELEC,I/O & Signal,LEVEL SWITCH,OMRON,61F-G1-AP AC110/220,LEVEL CONTROLLER (Relay Unit),,,STORE,Z1-03-17,1,1,2,B,,,,,2024,15,2039,
SPFL-C-0208,ELEC,I/O & Signal,LEVEL SWITCH,OMRON,61F-G1 AC110/220,LEVEL CONTROLLER (Relay Unit),RFG,RO PLANT,STORE,Z1-03-20,2,1,2,B,3982,,,,2024,15,2039,
SPFL-C-0207,ELEC,I/O & Signal,LEVEL SWITCH,HONSBERG,RWI-016PPK,for Cooling Tower G78-79,RFG,COOLING TOWER,STORE,Z2-02-17,3,1,2,B,2100,,,,2024,15,2039,
SPFL-C-0206,ELEC,I/O & Signal,Flow sensor,KEYENCE,FD-HCB2,Cable with connector,RFG,COAT ZONE,,,2,0,1,B,1000,,,,,CBM,NO PLAN,
SPFL-C-0205,ELEC,I/O & Signal,Flow sensor,KEYENCE,FD-H32,"Flow sensor for 1""",RFG,COAT ZONE,,,1,0,1,B,25000,,,,,CBM,NO PLAN,
SPFL-C-0204,ELEC,I/O & Signal,Flow sensor,KEYENCE,FD-H20,"Flow sensor for 3/4""",RFG,COAT ZONE,,,1,0,1,B,22000,,,,,CBM,NO PLAN,
SPFL-C-0203,ELEC,I/O & Signal,Flow sensor,EGE,SC440/1-A4-GSP,,RFG,CATHODE,RFG,,0,0,1,B,,,,,2015,CBM,NO PLAN,
SPFL-C-0202,ELEC,Electrical Parts,TERMINAL,SPE_BANMOH,30A - CTB-3004,Ceramic Terminal Block,MIR,FACEDOWN,,Z1-03-11,35,1,30,B,40,,,,,CBM,NO PLAN,
SPFL-C-0201,ELEC,Electrical Parts,Switch,ABB,OXP12X185,Extended Shaft / Switch Disconnector / 185mm,RFG,SMALL TEMPER,STORE,,0,0,1,B,840,,,,2019,CBM,NO PLAN,
SPFL-C-0200,ELEC,Electrical Parts,Switch,ABB,OT315E03P,"Base Mounting / Switch Disconnector / 315A Maximum Current, 315kW Power Rating, IP65",RFG,SMALL TEMPER,STORE,,0,0,1,B,17400,,,,2019,CBM,NO PLAN,
SPFL-C-0199,ELEC,Electrical Parts,Switch,ABB,OHZX10,Shaft alignment ring,RFG,SMALL TEMPER,STORE,,0,0,1,B,,,,,2019,CBM,NO PLAN,
SPFL-C-0198,ELEC,Electrical Parts,Switch,ABB,OHB95J12,Pistol Handle / Switch Disconnector,RFG,SMALL TEMPER,STORE,,0,0,1,B,,,,,2019,CBM,NO PLAN,
SPFL-C-0197,ELEC,Electrical Parts,Rail,SIEMENS,6ES7-390-1AB60-0AA0,Profile rail 160mm,RFG,BENTELER WASHING,,,0,0,1,B,,,,,2005,CBM,NO PLAN,
SPFL-C-0196,ELEC,Electrical Parts,Push Button,IDEC,AVN311NR,M30 Emergency button 1NO-1NC,RFG,COAT ZONE,,,0,0,1,B,,,,,2023,CBM,NO PLAN,
SPFL-C-0195,ELEC,Electrical Parts,Push Button,IDEC,AVLW,Emergency Button with lamp,RFG,UNLOAD,,,0,0,1,B,,,,,,,,
SPFL-C-0194,ELEC,Electrical Parts,Push button,BOSSTON,SSL-210,Selector 2P (Explosion proof),MIR,TOP PAINT,,,0,0,1,B,,,,,,CBM,NO PLAN,
SPFL-C-0193,ELEC,Electrical Parts,Push button,BOSSTON,SSL-210,Selector 2P (Explosion proof),MIR,BASE PAINT,,Z1-05-01,2,1,2,B,,,,,,CBM,NO PLAN,
SPFL-C-0192,ELEC,Electrical Parts,Push button,BOSSTON,PEM11L,Emergency button (Explosion proof),MIR,TOP PAINT,,,0,0,1,B,,,,,,CBM,NO PLAN,
SPFL-C-0191,ELEC,Electrical Parts,PUSH BUTTON,BOSSTON,PEM11L,Emergency button (Explosion proof),MIR,BASE PAINT,,Z1-05-02,2,1,2,B,,,,,,CBM,NO PLAN,
SPFL-C-0190,ELEC,Electrical Parts,Push button,BOSSTON,PBS1-10,Push button 1NO (Explosion proof),MIR,BASE PAINT,,,0,0,1,B,,,,,,CBM,NO PLAN,
SPFL-C-0189,ELEC,Electrical Parts,Push button,BOSSTON,PBS1-10,Push button 1NO (Explosion proof),MIR,BASE PAINT,,,0,0,1,B,,,,,,CBM,NO PLAN,
SPFL-C-0188,ELEC,Electrical Parts,Plug,SMC,PT3/8-PTC16,PLUG,MIR,WASTE WATER PLANT,,,0,0,1,B,,,,,,CBM,NO PLAN,
SPFL-C-0187,ELEC,Electrical Parts,CONNECTOR,SIEMENS,6GK15 00-0EA02,Bus connector plug MPI/Profibus,RFG,BENTELER WASHING,,,3,0,1,B,,,,,2023,CBM,NO PLAN,
SPFL-C-0186,ELEC,Electrical Parts,Connector,SIEMENS,6GK1 571-0BA00-0AA0,PC Adapter USB A2,RFG,CATHODE,RFG,,1,0,1,B,17600,,,,2015,CBM,NO PLAN,
SPFL-C-0185,ELEC,Electrical Parts,Connector,SIEMENS,6ES7-972-0BB41-0XA0,Bus connector plug MPI/Profibus,RFG,BENTELER WASHING,,,0,0,1,B,,,,,2015,CBM,NO PLAN,
SPFL-C-0184,ELEC,Electrical Parts,CONNECTOR,SIEMENS,6ES7 972-0BA52-0XA0,Connector head Profibus,RFG,CATHODE,RFG,Z3-02-02,3,1,2,B,1500,,,,2015,CBM,NO PLAN,
SPFL-C-0183,ELEC,Electrical Parts,Connector,MEIKOSHA,MH 2633,"Female plug 3P 250V 20A (Plug for MP,BP)",RFG,UTILITY,,,0,0,1,B,,,,,2015,CBM,NO PLAN,
SPFL-C-0182,ELEC,Electrical Parts,Connector,MEIKOSHA,MH 2575,"Male plug 2P+E 250V 20A (Plug for MP,BP)",RFG,UTILITY,,,0,0,1,B,,,,,2015,CBM,NO PLAN,
SPFL-C-0181,ELEC,Electrical Parts,Connector,LAPP,EPIC H-BE 6 SS DR (10190000) 6 pin,Male / Plug connector for Mortor Cup brush,RFG,BENTELER WASHING,,,0,0,1,B,256.8,,,,,CBM,NO PLAN,
SPFL-C-0180,ELEC,Electrical Parts,Connector,LAPP,EPIC H-BE 6 BS DR (10191000) 6 pole,Female / Plug connector for Mortor Cup brush,RFG,BENTELER WASHING,,,0,0,1,B,266.57,,,,,CBM,NO PLAN,
SPFL-C-0179,ELEC,Electrical Parts,Connector,LAPP,EPIC H-B 6 TS 16 ZW (10022000),"Case Male, PG 16",RFG,BENTELER WASHING,,,0,0,1,B,418.06,,,,,CBM,NO PLAN,
SPFL-C-0178,ELEC,Electrical Parts,Connector,LAPP,EPIC H-B 6 SGR 16 ZW (10005000),"Case Female, PG 16",RFG,BENTELER WASHING,,,0,0,1,B,549.89,,,,,CBM,NO PLAN,
SPFL-C-0177,ELEC,Electrical Parts,CONNECTOR,LAPP,EPIC DATA ED-IE-AX-RJ45-6A-B-68-FC,21700630,,,STORE,Z3-05-20,10,1,2,B,,,,,,,,
SPFL-C-0176,ELEC,Electrical Parts,CONNECTOR,HARTING,09 32 000 6207,Han C-female contact,RFG,,STORE,Z3-05-08,60,1,2,B,,,,,,,,
SPFL-C-0175,ELEC,Electrical Parts,CONNECTOR,HARTING,09 32 000 6205,Han C-female contact,RFG,,STORE,Z3-05-12,60,1,2,B,,,,,,,,
SPFL-C-0174,ELEC,Electrical Parts,CONNECTOR,HARTING,09 32 000 6107,Han C-male contact,RFG,,STORE,Z3-05-07,60,1,2,B,,,,,,,,
SPFL-C-0173,ELEC,Electrical Parts,CONNECTOR,HARTING,09 32 000 6105,Han C-male contact,RFG,,STORE,Z3-05-11,60,1,2,B,,,,,,,,
SPFL-C-0172,ELEC,Electrical Parts,CONNECTOR,HARTING,09 30 010 5425,"Han? B, Protection cover, for bulkhead mounted housings, With fixing cord",RFG,,STORE,Z3-05-05,5,1,2,B,,,,,,,,
SPFL-C-0171,ELEC,Electrical Parts,CONNECTOR,HARTING,09 30 010 5423,"Han? B, Protection cover, for hoods, With fixing cord",RFG,,STORE,Z3-05-04,5,1,2,B,,,,,,,,
SPFL-C-0170,ELEC,Electrical Parts,CONNECTOR,HARTING,09 30 010 0522,Han B Hood Side Entry HC 4 Pegs PG 21,RFG,,STORE,Z3-05-13,5,1,2,B,,,,,,,,
SPFL-C-0169,ELEC,Electrical Parts,CONNECTOR,HARTING,09 30 010 0301,"Han? B, Bulkhead mounted housing, IP65",RFG,,STORE,Z3-05-06,5,1,2,B,,,,,,,,
SPFL-C-0168,ELEC,Electrical Parts,Connector,HARTING,09 15 300 5401,Han-Max? Protection cover,,,,,0,0,1,B,,,,,,,,
SPFL-C-0167,ELEC,Electrical Parts,Connector,HARTING,09 15 300 0412,"Han-Max? RJ Industrial Connector Cat. 5, 4-poles, IDC termination",RFG,,STORE,,0,0,1,B,,,,,,,,
SPFL-C-0166,ELEC,Electrical Parts,Connector,HARTING,09 15 300 0402,"Han-Max Connector Cat. 5, 8-poles, (STP)",RFG,,STORE,,0,0,1,B,,,,,,,,
SPFL-C-0165,ELEC,Electrical Parts,Connector,HARTING,09 15 300 0401,"Han-Max Connector Cat. 5, 8-poles, (UTP)",RFG,,STORE,,0,0,1,B,,,,,,,,
SPFL-C-0164,ELEC,Electrical Parts,Connector,HARTING,09 15 300 0311,FEMALE ETHERNET RJ45,RFG,,STORE,Z2-05,1,1,2,B,,,,,,,,
SPFL-C-0163,ELEC,Electrical Parts,CONNECTOR,HARTING,09 15 000 6206,Han D-female contact,RFG,,STORE,Z3-05-10,123,1,2,B,,,,,,,,
SPFL-C-0162,ELEC,Electrical Parts,CONNECTOR,HARTING,09 15 000 6106,Han D-male contact,RFG,,STORE,Z3-05-09,76,1,2,B,,,,,,,,
SPFL-C-0161,ELEC,Electrical Parts,CONNECTOR,HARTING,09 14 012 3102,"Han DD module, crimp female",RFG,,STORE,Z3-05-18,3,1,2,B,,,,,,,,
SPFL-C-0160,ELEC,Electrical Parts,Connector,HARTING,09 14 012 3002,"Han DD module, crimp male",RFG,,STORE,Z3-05,2,1,2,B,,,,,,,,
SPFL-C-0159,ELEC,Electrical Parts,Connector,HARTING,09 14 010 0361,"Han hinged frame plus, for 3 modules A-C",RFG,,STORE,Z3-05,11,1,2,B,,,,,,,,
SPFL-C-0158,ELEC,Electrical Parts,CONNECTOR,HARTING,09 14 007 3101,"Han CD module, crimp female",RFG,,STORE,Z3-05-14,3,1,2,B,,,,,,,,
SPFL-C-0157,ELEC,Electrical Parts,CONNECTOR,HARTING,09 14 007 3001,"Han CD module, crimp male",RFG,,STORE,Z3-05-17,6,1,2,B,,,,,,,,
SPFL-C-0156,ELEC,Electrical Parts,CONNECTOR,HARTING,09 14 004 3141,"Han CC Protected module, crimp female",RFG,,STORE,Z3-05-15,8,1,2,B,,,,,,,,
SPFL-C-0155,ELEC,Electrical Parts,CONNECTOR,HARTING,09 14 004 3041,"Han CC Protected module, crimp male",RFG,,STORE,Z3-05-16,5,1,2,B,,,,,,,,
SPFL-C-0154,ELEC,Electrical Parts,Connector,HARTING,09 14 000 9950,Han Dummy Module,RFG,,STORE,Z3-05,10,1,2,B,,,,,,,,
SPFL-C-0153,ELEC,Drive & Motion,Servo Inverter,LENZE,EVS9326-ES,"Input: 3/PEAC 400/480 V, 20.5 A, 17.0 kVA 50/60 Hz, Output: 11 kW 3/PEAC 0 - 480 V, 22.3 A, 18.5 kVA, 0 - 480 Hz, Overload 1,5 x xIN for 60s",MIR,SB03,,,0,0,1,B,330000,,4,WEEK,2020,CBM,NO PLAN,
SPFL-C-0152,ELEC,Drive & Motion,MOTOR CONTROL,SCHNEIDER,ATS01N112FT,"Softstart for asynchronous motor, Altistart 01, ATS01, 12A, 110 to 480V, 1.5 to 5.5kW",RFG,BENTELER WASHING,STORE,Z3-04-16,2,1,2,B,4990,,2,MONTH,2026,CBM,NO PLAN,
SPFL-C-0151,ELEC,Drive & Motion,Motor,WNM,YBX3-225S-4,"Xylene blower motor MAIN (No.99502296), 37kW, 50Hz, 380/660V, 69.6/40.1A, 1480 rpm, cos 0.86, (Ex db II B T4 Gb)",MIR,TOP PAINT,,,0,0,1,B,,,,,2025,15,2040,
SPFL-C-0150,ELEC,Drive & Motion,Motor,US MOTORS,"2HP, (04487546), 1175&970 RPM, 3phase",,RFG,BILCO WASHING,,,0,0,1,B,,,,,2021,15,2036,
SPFL-C-0149,ELEC,Drive & Motion,Motor,US MOTORS,100HP 50Hz 1475rpm 230/460V 239.8/119.9A Frame:404T,"NLBP, XLBP",RFG,ENTRY/EXIT,,,0,0,1,B,,,,,2012,15,2027,
SPFL-C-0148,ELEC,Drive & Motion,Motor,SIEMENS,55kW 50Hz 2870rpm 400/690V 98/57A,Process pump No.3,RFG,UTILITY,,,0,0,1,B,,,,,2015,15,2030,
SPFL-C-0147,ELEC,Drive & Motion,Motor,SIEMENS,1LE0022-0DB32-2AA4,0.75KW 4 POLE B3 | 3PH 50Hz 230/400V (Pac & Polymer),MIR,WASTE WATER PLANT,,,0,0,1,B,,,,,,15,15,
SPFL-C-0146,ELEC,Drive & Motion,Motor,SIEMENS,"1AV2083B, 1LE10010DB322KZ4-Z 50Hz 0.75kW 1440rpm",Motor Thickness,RFG,BENTELER WASHING,,,0,0,1,B,,,,,2024,15,2039,
SPFL-C-0145,ELEC,Drive & Motion,Motor,SIEMENS,11kW 50Hz 2955rpm 380/400V 21.0/20.5A,,RFG,FORELINE,,,0,0,1,B,,,,,2012,15,2027,
SPFL-C-0144,ELEC,Drive & Motion,Motor,SEW EURODRIVE,EDRN 90L4/FF/3GD-C/KCC/TF/AL/C 1.5 KW,,MIR,TOP PAINT,,,0,0,1,B,26000,,,,2021,15,2036,
SPFL-C-0143,ELEC,Drive & Motion,Motor,SEW EURODRIVE,EDRN 90L4/FF/3GD-C/KCC/TF/AL/C 1.5 KW,,MIR,BASE PAINT,,,0,0,1,B,26000,,,,2021,15,2036,
SPFL-C-0142,ELEC,Drive & Motion,Motor,RK MOTOR,N/A,Process pump No.1,RFG,UTILITY,,,0,0,1,B,,,,,2015,15,2030,
SPFL-C-0141,ELEC,Drive & Motion,Motor,RK MOTOR,40HP 50Hz 1470rpm (Squrrel cage motor),"Chiller pump No.3,4, Supply pump No.3,4",RFG,UTILITY,,,0,0,1,B,,,,,2012,15,2027,
SPFL-C-0140,ELEC,Drive & Motion,Motor,RK MOTOR,40HP 50Hz 1455rpm 380/660V 58.5/33.7A,"Condensor pump No.1,2",RFG,UTILITY,,,0,0,1,B,,,,,2009,15,2024,
SPFL-C-0139,ELEC,Drive & Motion,Motor,OTHER,-,Motor Conveyor,RFG,BENTELER WASHING,,,0,0,1,B,,,,,2005,15,2020,
SPFL-C-0138,ELEC,Drive & Motion,Motor,MITSUBISHI,SF-Q 40HP 4P B3 IP55 3Phase 380/415V,"Condensor pump No.3,4",RFG,UTILITY,,,0,0,1,B,,,,,2024,15,2039,
SPFL-C-0137,ELEC,Drive & Motion,Motor,MITSUBISHI,SF-JRB 1/2HP 4P (LT),"Horizontal foot type, 1/2HP(0.4kW), 4Pole, 71M frame, DC Brake TB-A0.4, Braking torque 4N.m",MIR,UTILITY,,,0,0,1,B,,,,,,15,15,
SPFL-C-0136,ELEC,Drive & Motion,Motor,MARELLIMOTORI,D6C100LA2,"Suction Xylene 3kW, 2Pole, 2800rpm - 400V/3phase/50Hz, (EEX-d-llb T4 Explosion Proof)",MIR,BASE PAINT,,,0,0,1,B,,,,,2015,15,2030,
SPFL-C-0135,ELEC,Drive & Motion,Motor,MARELLIMOTORI,D5C160L4,"Suction Xylene 15 KW, 4 pole, 1460 rpm, (EEX-d-llb T4 Explosion Proof)",MIR,BASE PAINT,,,0,0,1,B,,,,,2015,15,2030,
SPFL-C-0134,ELEC,Drive & Motion,Motor,LENZE,MDEMA1M071-42 50Hz 0.55kW 1405rpm,Motor Oscilation,RFG,BENTELER WASHING,,,0,0,1,B,,,,,2025,15,2040,
SPFL-C-0133,ELEC,Drive & Motion,Motor,HITACHI,75HP 50Hz 2920rpm 380/415V 100/98A,Process pump No.2,RFG,UTILITY,,,0,0,1,B,,,,,2015,15,2030,
SPFL-C-0132,ELEC,Drive & Motion,Motor,GUANGDONG XINFENG FAN,Y5-47-9C,"Xylene blower, Fan spped 1900 rpm, batch no: 251106268, Inspection basis: JB/T10563-2006, Rotate 180 degree to Left/1 unit (Full load with motor 112A)",MIR,TOP PAINT,,,0,0,1,B,,,,,2025,15,2040,
SPFL-C-0131,ELEC,Drive & Motion,Motor,FUJI ELECTRIC,GYS101DC2-T2A,"0.1kW, 91V, 0.9A, 200Hz, 3000 r/min",MIR,BOTTERO CUTTING MACHINE,,,0,0,1,B,,,,,,15,15,
SPFL-C-0130,ELEC,Drive & Motion,Motor,FUJI ELECTRIC,GYG501BC2-T2E,"0.5kW, 74V, 4.7A, 100Hz,1500 r/min",MIR,BOTTERO CUTTING MACHINE,,,0,0,1,B,,,,,,15,15,
SPFL-C-0129,ELEC,Drive & Motion,Motor,FUJI ELECTRIC,GYG152CC2-T2E,"1.5kW, 98V, 10A, 133.3Hz, 2000 r/min",MIR,BOTTERO CUTTING MACHINE,,,0,0,1,B,,,,,,15,15,
SPFL-C-0128,ELEC,Drive & Motion,Motor,ELEKTRIM MOTOR,40HP 50Hz 1472rpm 380/660V 56/32A,"Chiller pump No.1,2, Supply pump No.1,2",RFG,UTILITY,,,0,0,1,B,,,,,2011,15,2026,
SPFL-C-0127,ELEC,Drive & Motion,Motor,BROOKS,"7.5 kW 220-240/380/415V 23.0/13.3A 2890rpm, Type W-DA132SJ-D",,RFG,FORELINE,,,0,0,1,B,,,,,2012,15,2027,
SPFL-C-0126,ELEC,Drive & Motion,Motor,ALPAK LL,"7.5kW 50Hz 220-240/380/415V 24/13.9A 2870rpm, Size DA1325B-D",,RFG,FORELINE,,,0,0,1,B,,,,,2012,15,2027,
SPFL-C-0125,ELEC,Drive & Motion,Inverter Panel,SIEMENS,6SE6400-0PM00-0AA0,Monitor for speed target of CMAG EU (Obsoleted),RFG,CATHODE,,,0,0,1,B,,,,,2015,CBM,NO PLAN,
SPFL-C-0124,ELEC,Drive & Motion,INVERTER PANEL,SIEMENS,6SE6400-0BP00-0AA1,PANEL FOR INVERTER SIEMENS (BOP),RFG,CATHODE,STORE,Z4-02-06,5,1,2,B,5000,,,,2015,CBM,NO PLAN,
SPFL-C-0123,ELEC,Drive & Motion,Inverter,YASKAWA,JVOP-140,Digital Operator (Keypad),RFG,LOADING,,,0,0,1,B,,,,,2012,15,2027,
SPFL-C-0122,ELEC,Drive & Motion,Inverter,YASKAWA,CIMR-V7AA21P5 2HP (1.5kW),VARISPEED V7 >> (New Model CIMR-VT2A0010BAA),RFG,LOADING,,,0,0,1,B,,,,,2012,15,2027,
SPFL-C-0121,ELEC,Drive & Motion,Inverter,YASKAWA,CIMR-V7AA20P7 1HP (0.75kW),VARISPEED V7 >> (New Model CIMR-VT2A0006BAA),RFG,LOADING,,,0,0,1,B,,,,,2012,15,2027,
SPFL-C-0120,ELEC,Drive & Motion,Inverter,YASKAWA,CIMR-G7A23P7,VARISPEED G7 (23P71C) - 3.7kW - 220V,RFG,LOADING,,,0,0,1,B,,,,,2012,15,2027,
SPFL-C-0119,ELEC,Drive & Motion,Inverter,SIEMENS,6SE6440-2UD15-5AA1,"Micromaster 440, 0.55kW, Input 380VAC (Inverter Drive) for Bekaert",RFG,CATHODE,RFG,,2,0,1,B,40000,,,,2015,15,2030,
SPFL-C-0118,ELEC,Drive & Motion,Inverter,SIEMENS,6SE6440-2UC15-5AA1,"Micromaster 440, 0.55kW, Input 220VAC (Inverter Drive) for OAMB",RFG,CATHODE,RFG,,0,0,1,B,25000,,,,2015,15,2030,
SPFL-C-0117,ELEC,Drive & Motion,Inverter,SIEMENS,6SE6400-1PB00-0AA0,Micromaster 4 PROFIBUS Module (Drive Profibus Module),RFG,CATHODE,RFG,,0,0,1,B,15000,,,,2015,15,2030,
SPFL-C-0116,ELEC,Drive & Motion,Inverter,SEW EURODRIVE,MC07B0015-5A3-4-00,,MIR,TOP PAINT,,,0,0,1,B,35000,,,,2021,15,2036,
SPFL-C-0115,ELEC,Drive & Motion,Inverter,SEW EURODRIVE,MC07B0015-5A3-4-00,,MIR,BASE PAINT,,,0,0,1,B,35000,,,,2021,15,2036,
SPFL-C-0114,ELEC,Drive & Motion,Inverter,MITSUBISHI,FR-E840-7.5K,,,,STORE,Z2-01,2,1,2,B,,,,,,,,
SPFL-C-0113,ELEC,Drive & Motion,Inverter,MITSUBISHI,FR-E740-3.7K,New Model (please find FR-E800),RFG,UNLOAD,,,0,0,1,B,22000,,,,2021,15,2036,
SPFL-C-0112,ELEC,Drive & Motion,Inverter,MITSUBISHI,FR-E740-2.2K,New Model (please find FR-E800),RFG,UNLOAD,,,0,0,1,B,20000,,,,2021,15,2036,
SPFL-C-0111,ELEC,Drive & Motion,Inverter,MITSUBISHI,FR-E740-1.5K,"Inverter for Inlet of Top paint (FR-840-1.5K-1), Power: 1.5 kW Input: 6.9A 3PH 380-480VAC 50/60Hz Output: 4.0A 3PH 380-480VAC 0.2-400Hz",MIR,SB03,,,2,0,1,B,10000,,,,2024,15,2039,
SPFL-C-0110,ELEC,Drive & Motion,Inverter,MITSUBISHI,FR-E740-1.5K,"Inverter for Inlet of Top paint (FR-840-1.5K-1), Power: 1.5 kW Input: 6.9A 3PH 380-480VAC 50/60Hz Output: 4.0A 3PH 380-480VAC 0.2-400Hz",MIR,SB02,,,2,0,1,B,10000,,,,2015,15,2030,
SPFL-C-0109,ELEC,Drive & Motion,Inverter,MITSUBISHI,FR-E740-1.5K,New Model (please find FR-E800),RFG,UNLOAD,,,0,0,1,B,10000,,,,2021,15,2036,
SPFL-C-0108,ELEC,Drive & Motion,Inverter,LENZE,EMB9351-E,"Brake Module, 775 V dc (Bus Voltage), 52 x 384 x 186 mm, for Inverter",MIR,SB03,,,0,0,1,B,31200,,3,WEEK,2015,15,2030,
SPFL-C-0107,ELEC,Drive & Motion,INVERTER,LENZE,E82ZBC,Keypad / Operating panel,RFG,BENTELER WASHING,RFG,Z1-02-14,1,1,2,B,10000,,3,WEEK,2025,15,2040,
SPFL-C-0106,ELEC,Drive & Motion,INVERTER,LENZE,E82ZAFSC010,Standarrd PT I/O (Servo-position controller option),RFG,BENTELER WASHING,RFG,Z1-05,1,1,2,B,13500,,,,2025,15,2040,
SPFL-C-0105,ELEC,Drive & Motion,Inverter,LENZE,"E82EV751-4C200 , 0.75KW Inverter 8200 vector",3U5 Oscilation Scrubber brushes,RFG,BENTELER WASHING,,,0,0,1,B,66700,,3,WEEK,2025,15,2040,
SPFL-C-0104,ELEC,Drive & Motion,Inverter,LENZE,"E82EV152-4C200 , 1.5KW Inverter 8200 vector",1U1 CONVEYOR/ TH.ADJUSTMENT,RFG,BENTELER WASHING,,,0,0,1,B,77800,,3,WEEK,2025,15,2040,
SPFL-C-0103,ELEC,Drive & Motion,Inverter,FUJI ELECTRIC,RYC501B3-VVT2,Use with GYG501BC2-T2E,MIR,BOTTERO CUTTING MACHINE,,,0,0,1,B,,,,,2015,15,2030,
SPFL-C-0102,ELEC,Drive & Motion,Inverter,FUJI ELECTRIC,RYC152C3-VVT2,Use with GYG152CC2-T2E,MIR,BOTTERO CUTTING MACHINE,,,0,0,1,B,,,,,2015,15,2030,
SPFL-C-0101,ELEC,Drive & Motion,Inverter,FUJI ELECTRIC,RYC101D3-VVT2,Use with GYS101DC2-T2A,MIR,BOTTERO CUTTING MACHINE,,,0,0,1,B,,,,,2015,15,2030,
SPFL-C-0100,ELEC,Drive & Motion,INVERTER,ALLEN BRADLEY,20-750-ENETR,POWERFLEX 750 ETHERNET CARD MODULE,RFG,POWER SUPPLY ROOM,STORE,Z4-02-11,2,1,3,B,16285,,6,MONTH,2015,15,2030,
SPFL-C-0099,ELEC,Drive & Motion,INVERTER,ALLEN BRADLEY,20-750-2262D-2R,POWERFLEX 750 ANALOG CARD MODULE,RFG,POWER SUPPLY ROOM,RFG,Z3-03-21,3,1,2,B,,,,,2012,15,2027,
SPFL-C-0098,ELEC,Electrical Parts,POWER SUPPLY,ALLEN BRADLEY,1794-PS3,PS 24VDC 3A (INPUT 120/230VAC),RFG,,STORE,Z4-03-08,2,1,2,B,,,,,,,,
SPFL-C-0097,ELEC,Electrical Parts,POWER SUPPLY,ALLEN BRADLEY,1794-PS13,PS 24VDC 1.3A (INPUT 120/230VAC),RFG,ENTRY/EXIT,STORE,Z4-03-09,12,1,2,B,,,,,2020,5,2025,
SPFL-C-0096,ELEC,Network & Comm,Switch Hub,ALLEN BRADLEY,1783-CMS10DP,"Stratix 5200 switch, 8 copper 100/1000 ports, 2 Combo 100/1000 ports, full FW, DLR New model",RFG,COAT ZONE,,,0,0,1,B,79880,,16,WEEK,,10,10,
SPFL-C-0095,ELEC,Network & Comm,Switch Hub,ALLEN BRADLEY,1783-BMS10CGP,"Stratix 5700 Switch, 8 copper 10/100 ports, 2 combo(copper or SFP slot) 10/100/1000 ports, full FW, 1588 PTP Discontinued Sep,2024",RFG,COAT ZONE,STORE,Z4-03,2,1,2,B,81651,,,,2015,10,2025,
SPFL-C-0094,ELEC,Control,PLC,ALLEN BRADLEY,1756-RIO,REMOTE I/O SCANNER,RFG,,STORE,Z3-04-08,2,1,2,B,,,,,,,,
SPFL-C-0093,ELEC,Control,PLC,ALLEN BRADLEY,1756-PA75,Power Supply ControlLogix AC 5V at 13 A Output,RFG,"NL, XL",STORE,Z4-02,1,1,2,B,,,,,,,,
SPFL-C-0092,ELEC,Control,PLC,ALLEN BRADLEY,1756-PA72,"Power Supply ControlLogix AC 5V DC @ 10A, 3.3V DC @ 4A, 1.2V DC @ 1.5A, 24V DC @ 2.8A",RFG,CLX,STORE,Z3-03-01,10,1,2,B,,,,,2019,CBM,NO PLAN,
SPFL-C-0091,ELEC,Drive & Motion,Encoder,SCANCON,2REX-H- 4096- AL- D- 14-66- 03- SS- E,Encoder behind the motor (control belt conveyor),MIR,TOP PAINT,,,0,0,1,B,,,,,,5,5,
SPFL-C-0090,ELEC,Drive & Motion,Encoder,SCANCON,2REX-H- 4096- AL- D- 14-66- 03- SS- E,Encoder behind the motor (control belt conveyor),MIR,BASE PAINT,,,0,0,1,B,,,,,,5,5,
SPFL-C-0089,ELEC,Drive & Motion,ENCODER,OMRON,E6C2-CWZ6C,"2000 pulses/rotation, 24VDC, NPN, Max speed 6000 rpm",MIR,PAINTING ROOM,STORE,Z4-02-08,1,1,2,B,6000,,,,2025,5,2030,
SPFL-C-0088,ELEC,Drive & Motion,Encoder,HOHNER,RUK1-133A-0068,,MIR,TOP PAINT,,,0,0,1,B,120000,,,,,5,5,
SPFL-C-0087,ELEC,Drive & Motion,Encoder,HOHNER,RUK1-133A-0068,,MIR,BASE PAINT,,,0,0,1,B,120000,,,,,5,5,
SPFL-C-0086,ELEC,Drive & Motion,Encoder,HOHNER,30-4005-32,,MIR,BASE OVEN,,,0,0,1,B,,,,,,5,5,
SPFL-C-0085,ELEC,Drive & Motion,Encoder,HOHNER,30-4005-32,,MIR,METAL DRY,,,0,0,1,B,,,,,,5,5,
SPFL-C-0084,ELEC,Control,PLC,ALLEN BRADLEY,1756-OF8I,"ControlLogix 8 Point Analog module, voltage/current output",RFG,"NL, XL",RFG,Z3-04-02,1,1,2,B,104438,,7,WEEK,2019,CBM,NO PLAN,
SPFL-C-0083,ELEC,Control,PLC,ALLEN BRADLEY,1756-OB16I,ControlLogix 16 Point D/O Module,RFG,"NL, XL",RFG,Z3-03-02,2,1,2,B,27428,,7,WEEK,2019,CBM,NO PLAN,
SPFL-C-0082,ELEC,Control,PLC,ALLEN BRADLEY,1756-N2,ControlLogix Empty Slot Cover,RFG,"CLX, NL, XL",STORE,,0,0,1,B,,,,,,,,
SPFL-C-0081,ELEC,Control,PLC,ALLEN BRADLEY,1756-L72,Logix 5627 controller with 4 Mbytes Memory,RFG,CLX,STORE,Z3-04-03,2,1,2,B,,,,,,,,
SPFL-C-0080,ELEC,Control,PLC,ALLEN BRADLEY,1756-L71,CPU ControlLogix 2 MB Controller,RFG,"NL, XL",STORE,Z3-04-07,1,1,2,B,,,,,2019,CBM,NO PLAN,
SPFL-C-0079,ELEC,Control,PLC,ALLEN BRADLEY,1756-IF8I,"ControlLogix Analog Input Module, 8 Isolated Points, Current, Current Sourcing and Voltage, 36 Pin",RFG,"NL, XL",RFG,Z4-05-02,1,1,2,B,87728,,7,WEEK,2019,CBM,NO PLAN,
SPFL-C-0078,ELEC,Control,PLC,ALLEN BRADLEY,1756-IF16/A,ControlLogix 16 Point A/I Module,RFG,COAT ZONE,STORE,Z3-03-04,2,1,2,B,,,,,2015,CBM,NO PLAN,
SPFL-C-0077,ELEC,Control,PLC,ALLEN BRADLEY,1756-IB16,"ControlLogix Input module, 16 Point, 10-31VDC, Current Sinking",RFG,"NL, XL",STORE,Z3-04-01,1,1,2,B,14262,,7,WEEK,2019,CBM,NO PLAN,
SPFL-C-0076,ELEC,Control,PLC,ALLEN BRADLEY,1756-HSC/B,High Speed Counter Module,RFG,"NL, XL",STORE,Z4-02-10,1,1,2,B,,,,,,,,
SPFL-C-0075,ELEC,Control,PLC,ALLEN BRADLEY,1756-EN2TR,EtherNet 10-100M 2-Ports,RFG,"CLX, NL, XL",STORE,Z3-03-06,2,1,2,B,,,,,2015,CBM,NO PLAN,
SPFL-C-0074,ELEC,Control,PLC,ALLEN BRADLEY,1756-EN2T,EtherNet 10-100M,RFG,"CLX, NL, XL",,Z3-03-08,1,1,2,B,,,,,2015,CBM,NO PLAN,
SPFL-C-0073,ELEC,Control,PLC,ALLEN BRADLEY,1756-A7,ControlLogix 7 Slots Chassis,RFG,CLX,,,,0,1,B,,,,,,,,
SPFL-C-0072,ELEC,Control,PLC,ALLEN BRADLEY,1756-A4,ControlLogix 4 SLOTS CHASSIS,RFG,,STORE,Z4-02-01,1,1,2,B,,,,,,,,
SPFL-C-0071,ELEC,Control,PLC,ALLEN BRADLEY,1756-A13,ControlLogix 13 Slots Chassis,,"CLX, NL",,,,0,1,B,,,,,,,,
SPFL-C-0070,ELEC,Control,POINT I/O,ALLEN BRADLEY,1734-TOP,"One-Piece Terminal Base, 8-point, Screw Clamp Terminals",RFG,COAT ZONE,STORE,Z4-03-10,60,1,2,B,611,,14,WEEK,2023,CBM,NO PLAN,
SPFL-C-0069,ELEC,Control,POINT I/O,ALLEN BRADLEY,1734-OW4,4-Point Relay Output Module,RFG,COAT ZONE,STORE,Z4-04-04,24,1,2,B,5889,,7,WEEK,2023,CBM,NO PLAN,
SPFL-C-0068,ELEC,Control,POINT I/O,ALLEN BRADLEY,1734-OE4C,4-20 mA Analog Output,RFG,CATHODE,STORE,Z4-04-08,6,1,2,B,19466,,7,WEEK,2015,CBM,NO PLAN,
SPFL-C-0067,ELEC,Control,POINT I/O,ALLEN BRADLEY,1734-OE2V,2-Point Analog Voltage Output Module,RFG,COAT ZONE,STORE,Z4-03-06,13,1,2,B,10649,,7,WEEK,2023,CBM,NO PLAN,
SPFL-C-0066,ELEC,Control,POINT I/O,ALLEN BRADLEY,1734-OB8,24V DC 8-Point Source Output Module,RFG,CATHODE,STORE,Z4-04-06,14,1,2,B,4578,,7,WEEK,2015,CBM,NO PLAN,
SPFL-C-0065,ELEC,Control,POINT I/O,ALLEN BRADLEY,1734-OA4,"Output Module,POINT I/O,Digital,AC,4 Points 120/240VAC Output,Open Style,DIN Mounted",RFG,ENTRY/EXIT,STORE,Z4-04-02,17,1,2,B,6102,,7,WEEK,2019,CBM,NO PLAN,
SPFL-C-0064,ELEC,Control,POINT I/O,ALLEN BRADLEY,1734-IM4,220VAC 4 input,RFG,,STORE,Z4-04-07,1,1,2,B,,,,,,,,
SPFL-C-0063,ELEC,Electrical Parts,TERMINAL,TOGI / TOYOGIKEN,PCN-4F-40,PLC I/O Terminal Blocks,RFG,UNLOAD,STORE,,0,0,1,B,,,,,2021,CBM,NO PLAN,
SPFL-C-0062,ELEC,Control,PLC,SIEMENS,S7-300,,MIR,SB02,,,0,0,1,B,,,,,,CBM,NO PLAN,
SPFL-C-0061,ELEC,Control,PLC,SIEMENS,6GK7-342-5DF00-0XE0,SIMATIC NET CP 342-5 FO,RFG,CATHODE,RFG,,3,0,1,B,30000,,,,2015,CBM,NO PLAN,
SPFL-C-0060,ELEC,Control,PLC,SIEMENS,6GK1-503-2CA01,PROFIBUS OLM/P11,RFG,CATHODE,RFG,,2,0,1,B,,,,,2015,CBM,NO PLAN,
SPFL-C-0059,ELEC,Control,PLC,SIEMENS,6ES7-392-1AM00-0AA0,Front plug,RFG,BENTELER WASHING,,,0,0,1,B,,,,,2005,CBM,NO PLAN,
SPFL-C-0058,ELEC,Control,PLC,SIEMENS,6ES7365-0BA01-0AA0,IM365 SEND + IM365 RECEIVE,MIR,SB03,,,0,0,1,B,,,,,,CBM,NO PLAN,
SPFL-C-0057,ELEC,Control,PLC,SIEMENS,6ES7350-2AH01-0AE0,FM 350-2 Counter Module,MIR,SB03,,,0,0,1,B,,,,,,CBM,NO PLAN,
SPFL-C-0056,ELEC,Control,PLC,SIEMENS,6ES7322-1BH01-0AA0,DO Output 16xDC24V / 0.5A = 5EA,MIR,SB03,STORE,Z4-05-05,1,1,2,B,,,,,2024,CBM,NO PLAN,
SPFL-C-0055,ELEC,Control,PLC,SIEMENS,6ES7-321-1BH02-0AA0,Digital Inputs DI 16xDC24V,RFG,CATHODE,RFG,Z4-05-04,3,1,3,B,6900,,,,2015,CBM,NO PLAN,
SPFL-C-0054,ELEC,Control,PLC,SIEMENS,6ES7315-2EH14-0AB0,CPU S7-300 315-2 PN/DP,MIR,SB03,,,0,0,1,B,,,,,2023,CBM,NO PLAN,
SPFL-C-0053,ELEC,Control,PLC,SIEMENS,6ES7-313-6CG04-0AB0,"S7-300 CPU313C-2 DP, 16DI/16DO",RFG,CATHODE,RFG,Z4-05-03,1,1,2,B,50000,,,,2015,CBM,NO PLAN,
SPFL-C-0052,ELEC,Control,PLC,SIEMENS,6ES7-313-5BE01-0AB0,"CPU 313C, 24 DI/16 DO, 4 AI, 2 AO",RFG,BENTELER WASHING,,,0,0,1,B,,,,,2005,CBM,NO PLAN,
SPFL-C-0051,ELEC,Control,PLC,SIEMENS,6ES7-313-0BE01-0AB0,CPU S7-300,RFG,BENTELER WASHING,,,0,0,1,B,50000,,,,2005,CBM,NO PLAN,
SPFL-C-0050,ELEC,Control,PLC,SIEMENS,6ES7307-1EA01-0AA0,Power supply 24VDC,MIR,SB03,,,0,0,1,B,,,,,,CBM,NO PLAN,
SPFL-C-0049,ELEC,Control,PLC,SIEMENS,6ES7-158-0AD01-0XA0,DP/DP coupler Coupling module,RFG,CATHODE,RFG,,2,0,1,B,25000,,,,2015,CBM,NO PLAN,
SPFL-C-0048,ELEC,Control,PLC,MITSUBISHI,RY10R2,OUTPUT 16 POINTS,MIR,WASTE WATER PLANT,STORE,Z4-04,1,1,2,B,,,,,,CBM,NO PLAN,
SPFL-C-0047,ELEC,Control,PLC,MITSUBISHI,RX40C7,INPUT 16 POINTS,MIR,WASTE WATER PLANT,STORE,Z4-04,4,1,2,B,,,,,,CBM,NO PLAN,
SPFL-C-0046,ELEC,Control,PLC,MITSUBISHI,R61P,Power supply,MIR,WASTE WATER PLANT,STORE,Z4-04,1,1,2,B,,,,,,CBM,NO PLAN,
SPFL-C-0045,ELEC,Control,PLC,MITSUBISHI,R60DAI8,8CH DIGITAL TO ANALOG,,,STORE,Z4-04,1,1,2,B,,,,,,,,
SPFL-C-0044,ELEC,Control,PLC,MITSUBISHI,R60AD4,4CH ANALOG TO DIGITAL,MIR,DI PLANT,STORE,Z4-04,1,1,2,B,,,,,,CBM,NO PLAN,
SPFL-C-0043,ELEC,Control,PLC,MITSUBISHI,R38B,Base 8 Slots,MIR,WASTE WATER PLANT,,,0,0,1,B,,,,,,CBM,NO PLAN,
SPFL-C-0042,ELEC,Control,PLC,MITSUBISHI,R04CPU,CPU R-Series 40k steps,MIR,WASTE WATER PLANT,STORE,Z4-04,1,1,2,B,,,,,,CBM,NO PLAN,
SPFL-C-0041,ELEC,Control,PLC,MITSUBISHI,QY50,Output : Sink 16 Output,RFG,UNLOAD,,,0,0,1,B,,,,,2021,CBM,NO PLAN,
SPFL-C-0040,ELEC,Control,PLC,MITSUBISHI,QY42P,"Output 64 points, 12…24 V DC, 0.1 A/point, 2 A/common, sink type",RFG,LOADING,,,0,0,1,B,,,,,,CBM,NO PLAN,
SPFL-C-0039,ELEC,Control,PLC,MITSUBISHI,QY41P,Output : Sink 32 Output,RFG,UNLOAD,,,0,0,1,B,,,,,2021,CBM,NO PLAN,
SPFL-C-0038,ELEC,Control,PLC,MITSUBISHI,QX42,Input : 24Vdc 64 Input,RFG,UNLOAD,,,0,0,1,B,,,,,2021,CBM,NO PLAN,
SPFL-C-0037,ELEC,Control,PLC,MITSUBISHI,QX42,"Input 64 points, 24 V DC",RFG,LOADING,,,0,0,1,B,,,,,,CBM,NO PLAN,
SPFL-C-0036,ELEC,Control,PLC,MITSUBISHI,QJ71C24N-R4,Serial communication module RS422/RS485: 2 ports,RFG,LOADING,,,0,0,1,B,,,,,,CBM,NO PLAN,
SPFL-C-0035,ELEC,Control,PLC,MITSUBISHI,Q68ADI,8CH ANALOG TO DIGITAL,,,STORE,Z4-04-16,1,1,2,B,,,,,,,,
SPFL-C-0034,ELEC,Control,PLC,MITSUBISHI,Q61P 100-240Vac,Power supply,RFG,UNLOAD,,,0,0,1,B,,,,,2021,CBM,NO PLAN,
SPFL-C-0033,ELEC,Control,PLC,MITSUBISHI,Q38B,Base,RFG,UNLOAD,,,0,0,1,B,,,,,2021,CBM,NO PLAN,
SPFL-C-0032,ELEC,Control,PLC,MITSUBISHI,Q03UDVCPU,CPU,RFG,UNLOAD,,,0,0,1,B,,,,,2021,CBM,NO PLAN,
SPFL-C-0031,ELEC,Control,PLC,MITSUBISHI,Q00UJCPU,"CPU unit bundle - kit 10Ksteps, (1 x CPU (Q00UJCPU) + 1 x P.S.U. + 1 x 5-slots backpl. rack)",RFG,LOADING,,,0,0,1,B,,,,,,CBM,NO PLAN,
SPFL-C-0030,ELEC,Control,PLC,MITSUBISHI,FX5U-64MR,Normal DI Cabinet,MIR,UTILITY,,,0,0,1,B,,,,,,CBM,NO PLAN,
SPFL-C-0029,ELEC,Control,PLC,MITSUBISHI,FX5U 32MR-ES,,RFG,DI REGEN PLANT,,,0,0,1,B,,,,,2022,CBM,NO PLAN,
SPFL-C-0028,ELEC,Control,PLC,MITSUBISHI,FX5-CCL-MS,CC-Link Module,MIR,DI PLANT,,,0,0,1,B,,,,,,CBM,NO PLAN,
SPFL-C-0027,ELEC,Control,PLC,MITSUBISHI,FX5-16EX/ES,Normal DI Cabinet,MIR,UTILITY,STORE,Z4-03,2,1,2,B,,,,,,CBM,NO PLAN,
SPFL-C-0026,ELEC,Control,PLC,MITSUBISHI,FANC-110SBH,CC-Link cable,MIR,DI PLANT,,,0,0,1,B,,,,,,CBM,NO PLAN,
SPFL-C-0025,ELEC,Control,PLC,MITSUBISHI,AJ65SBTB1-32T,Remote output module,MIR,DI PLANT,,,0,0,1,B,,,,,,CBM,NO PLAN,
SPFL-C-0024,ELEC,Control,PLC,MITSUBISHI,AJ65SBTB1-32D,Remote input module,MIR,DI PLANT,,,0,0,1,B,,,,,,CBM,NO PLAN,
SPFL-C-0023,ELEC,Control,PLC,MITSUBISHI,AC10TB,I/O Terminal Blocks Cable,RFG,UNLOAD,,,0,0,1,B,,,,,2021,CBM,NO PLAN,
SPFL-C-0022,ELEC,Control,POINT I/O,ALLEN BRADLEY,1734-IE8C,4-20 mA Analog Input,RFG,CATHODE,STORE,Z4-04-03,14,1,2,B,32037,,7,WEEK,2015,CBM,NO PLAN,
SPFL-C-0021,ELEC,Control,POINT I/O,ALLEN BRADLEY,1734-IE4C,"Input Module, POINT I/O, Analog, Current, 4 Channels, Open Style, DIN Mounted",RFG,ENTRY/EXIT,RFG,,0,0,1,B,16995,,7,WEEK,2019,CBM,NO PLAN,
SPFL-C-0020,ELEC,Control,POINT I/O,ALLEN BRADLEY,1734-IE2V,2-Point Analog Voltage Input Module,RFG,COAT ZONE,STORE,Z4-04-01,23,1,2,B,10221,,7,WEEK,2023,CBM,NO PLAN,
SPFL-C-0019,ELEC,Control,POINT I/O,ALLEN BRADLEY,1734-IB8,24V DC 8-Point Sink Input Module,RFG,CATHODE,STORE,Z4-03-05,12,1,2,B,4058,,7,WEEK,2015,CBM,NO PLAN,
SPFL-C-0018,ELEC,Control,POINT I/O,ALLEN BRADLEY,1734-IA4,"Input Module, POINT I/O, Digital, AC, 4 Points 120VAC Input, Open Style, DIN Mounted",RFG,ENTRY/EXIT,STORE,Z4-04-05,17,1,2,B,4791,,7,WEEK,2019,CBM,NO PLAN,
SPFL-C-0017,ELEC,Control,POINT I/O,ALLEN BRADLEY,1734-FPD,Field Power Distributor,RFG,ENTRY/EXIT,STORE,,7,0,1,B,3753,,7,WEEK,2019,CBM,NO PLAN,
SPFL-C-0016,ELEC,Control,POINT I/O,ALLEN BRADLEY,1734-FPD,Field Power Distributor,RFG,COAT ZONE,STORE,Z4-03-07,12,1,2,B,3753,,7,WEEK,2023,CBM,NO PLAN,
SPFL-C-0015,ELEC,Control,POINT I/O,ALLEN BRADLEY,1734-EP24DC,24V DC Expansion Power Module,RFG,COAT ZONE,STORE,Z4-03-04,6,1,2,B,6652,,7,WEEK,2023,CBM,NO PLAN,
SPFL-C-0014,ELEC,Control,POINT I/O,ALLEN BRADLEY,1734-AENTR,1734 2-Port EtherNet/IP Adapter,RFG,CATHODE,STORE,Z4-02-05,5,1,2,B,21327,,7,WEEK,2015,CBM,NO PLAN,
SPFL-C-0013,ELEC,Control,POINT I/O,ALLEN BRADLEY,1732E-16CFGM12R,1732 ARMORBLOCK ETHERNET/IP DUAL-PORT DC MICRO (M12),RFG,CATHODE,STORE,Z4-02-12,1,1,1,B,25955,,10,WEEK,2024,CBM,NO PLAN,
SPFL-C-0012,ELEC,Electrical Parts,POWER SUPPLY,ALLEN BRADLEY,1606-XLB120E,220AC to 24DC 5A,RFG,COAT ZONE,STORE,Z4-05-01,1,1,2,B,4532,,,,2023,5,2028,
SPFL-C-0011,ELEC,Control,Controller,ALLEN BRADLEY,140M-C2E-B63,690V 50A 50/60Hz,RFG,,STORE,Z2-04,3,1,2,B,,,,,,,,
SPFL-C-0010,ELEC,Control,HMI,SIEMENS,6AV3607-1JC20-0AX1,Operator panel,RFG,BENTELER WASHING,,,0,0,1,B,,,,,2023,CBM,NO PLAN,
SPFL-C-0009,ELEC,Control,HMI,SIEMENS,6AV2 124-1DC01-0AX0,SIMATIC KP400 COMFORT PANEL,RFG,CATHODE,STORE,Z4-05-06,1,1,2,B,125500,,,,2015,CBM,NO PLAN,
SPFL-C-0008,ELEC,Control,HMI,MITSUBISHI,GOT GT2512-STBA,220V,RFG,UNLOAD,,,0,0,1,B,,,,,,,,
SPFL-C-0007,ELEC,Control,Controller,OMRON,E5CC-RX2ASM-800,TEMP CONTROLLER,RFG,SMALL TEMPER,STORE,Z2-05,2,1,2,B,,,,,,CBM,NO PLAN,
SPFL-C-0006,ELEC,Accessories,Tower Light,WERMA,684.209.68 GREEN,PERMANEMT 230VAC for Vacuum,MIR,UTILITY,,,0,0,1,B,,,,,,CBM,NO PLAN,
SPFL-C-0005,ELEC,Accessories,Tower Light,WERMA,684.109.68 RED,PERMANEMT 230VAC for Vacuum,MIR,UTILITY,,,0,0,1,B,,,,,,CBM,NO PLAN,
SPFL-C-0004,ELEC,Accessories,Tower Light,PATLITE,LR6-202LJNW-RG 24VDC,,MIR,SILVERING,,,0,0,1,B,,,,,,CBM,NO PLAN,
SPFL-C-0003,ELEC,Accessories,Tower Light,PATLITE,LR5,3-color LED,MIR,DI PLANT,,,0,0,1,B,,,,,,CBM,NO PLAN,
SPFL-C-0002,ELEC,Accessories,Tape,NITTO,NO.973 UL-S 25 MM.,Heat insulation tape,MIR,TOP OVEN,,,0,0,1,B,380,,,,,CBM,NO PLAN,
SPFL-C-0001,ELEC,Accessories,Speaker,PATLITE,EHS-M1HE,"24V, IP65 can record sound mp3",RFG,UNLOAD,STORE,,0,0,1,B,,,,,,,,